Workbook

Sheet Ruas
A1: ID | B1: Day | C1: Kawasan | D1: Pencatat | E1: Tanggal | F1: Jam | G1: Nama ruas | H1: Panjang ruas (m) | I1: Jenis jalan | J1: Kepadatan kendaraan | K1: Trotoar | L1: Lebar Trotoar (m) | M1: Lebar Jalan (m) | N1: Panjang trotoar terputus (m) | O1: Penghalang utama | P1: Jumlah lubang atau paving lepas | Q1: Pejalan turun ke jalan | R1: Jumlah zebra cross | S1: Jumlah jembatan penyeberangan | T1: Jumlah tiang lampu | U1: Jumlah lampu rusak fisik | V1: Jarak antar tiang (m) | W1: Keteduhan | X1: Waktu melintas ruas (detik) | Y1: Jumlah foto | Z1: Catatan | AA1: Muat mobil (unit) | AB1: Kecepatan implisit (m/s) | AC1: I-1 ketersediaan | AD1: I-2 lebar | AE1: I-3 keutuhan | AF1: I-4 kemulusan | AG1: I-5 tidak turun | AH1: Bobot terpakai | AI1: W-6 integritas | AJ1: W-6 status
A2: RUAS-001 | B2: Day 1 | C2: KWS-06 | D2: Delon | E2: 2026-08-16 | F2: 11:02 | G2: Jl. Besi Jangkang, Gg. bougenvile | H2: 110 | I2: Gang | J2: Sepi | K2: Tidak ada | L2: 0 | M2: 3 | N2: 0 | O2: tidak ada | P2: 0 | Q2: Tidak | R2: 0 | S2: 0 | T2: 7 | U2: 1 | V2: 20 | W2: Di bawah 25 persen | X2: 109 | Y2: 2 | Z2: Mendekati tanggal kemerdekaan, banyak hiasan bendera. Kondisi jalan rata. Keteduhan sangat minim. Jalan paving. | AA2: 1 | AB2: 1.01 | AC2: =IF($K2="","",IF($K2="Ada",1,IF($K2="Sebagian",0.5,0))) | AD2: =IF($K2="","",IF($K2="Tidak ada",0,IF($L2="","",MIN($L2/Panduan_W6!$B$9,1)))) | AE2: =IF($K2="","",IF($K2="Tidak ada",0,IF(OR($N2="",$H2=""),"",MAX(0,1-$N2/$H2)))) | AF2: =IF(OR($K2="",$K2="Tidak ada"),"",IF(OR($P2="",$H2=""),"",EXP(-$P2/$H2*100/Panduan_W6!$B$10))) | AG2: =IF($Q2="","",IF($Q2="Tidak",1,0)) | AH2: =IF(ISNUMBER(AC2),Panduan_W6!$B$4,0)+IF(ISNUMBER(AD2),Panduan_W6!$B$5,0)+IF(ISNUMBER(AE2),Panduan_W6!$B$6,0)+IF(ISNUMBER(AF2),Panduan_W6!$B$7,0)+IF(ISNUMBER(AG2),Panduan_W6!$B$8,0) | AI2: =IF(LEFT(AJ2,7)<>"Lengkap","",IF(AJ2="Lengkap (gang)",AG2,(IF(ISNUMBER(AC2),Panduan_W6!$B$4*AC2,0)+IF(ISNUMBER(AD2),Panduan_W6!$B$5*AD2,0)+IF(ISNUMBER(AE2),Panduan_W6!$B$6*AE2,0)+IF(ISNUMBER(AF2),Panduan_W6!$B$7*AF2,0)+IF(ISNUMBER(AG2),Panduan_W6!$B$8*AG2,0))/AH2)) | AJ2: =IF(AND(Panduan_W6!$B$11="Ya",$I2="Gang",$J2="Sepi"),IF(ISNUMBER(AG2),"Lengkap (gang)","Belum lengkap"),IF(AND(ISNUMBER(AC2),ISNUMBER(AD2),ISNUMBER(AE2),ISNUMBER(AG2),OR(ISNUMBER(AF2),$K2="Tidak ada")),"Lengkap","Belum lengkap"))
A3: RUAS-002 | B3: Day 1 | C3: KWS-06 | D3: Andalan | E3: 2026-08-16 | F3: 11:28 | H3: 87 | I3: Gang | J3: Sepi | K3: Tidak ada | L3: 0 | M3: 3.7 | N3: 0 | O3: tidak ada | P3: 1 | Q3: Ya | R3: 0 | S3: 0 | T3: 3 | U3: 0 | V3: 18 | W3: Di bawah 25 persen | X3: 72 | Y3: 2 | Z3: Sedang ada pembangunan di Selatan gang sehingga banyak kerikil dan sampah di sisi jalan. | AA3: 1 | AB3: 1.21 | AC3: =IF($K3="","",IF($K3="Ada",1,IF($K3="Sebagian",0.5,0))) | AD3: =IF($K3="","",IF($K3="Tidak ada",0,IF($L3="","",MIN($L3/Panduan_W6!$B$9,1)))) | AE3: =IF($K3="","",IF($K3="Tidak ada",0,IF(OR($N3="",$H3=""),"",MAX(0,1-$N3/$H3)))) | AF3: =IF(OR($K3="",$K3="Tidak ada"),"",IF(OR($P3="",$H3=""),"",EXP(-$P3/$H3*100/Panduan_W6!$B$10))) | AG3: =IF($Q3="","",IF($Q3="Tidak",1,0)) | AH3: =IF(ISNUMBER(AC3),Panduan_W6!$B$4,0)+IF(ISNUMBER(AD3),Panduan_W6!$B$5,0)+IF(ISNUMBER(AE3),Panduan_W6!$B$6,0)+IF(ISNUMBER(AF3),Panduan_W6!$B$7,0)+IF(ISNUMBER(AG3),Panduan_W6!$B$8,0) | AI3: =IF(LEFT(AJ3,7)<>"Lengkap","",IF(AJ3="Lengkap (gang)",AG3,(IF(ISNUMBER(AC3),Panduan_W6!$B$4*AC3,0)+IF(ISNUMBER(AD3),Panduan_W6!$B$5*AD3,0)+IF(ISNUMBER(AE3),Panduan_W6!$B$6*AE3,0)+IF(ISNUMBER(AF3),Panduan_W6!$B$7*AF3,0)+IF(ISNUMBER(AG3),Panduan_W6!$B$8*AG3,0))/AH3)) | AJ3: =IF(AND(Panduan_W6!$B$11="Ya",$I3="Gang",$J3="Sepi"),IF(ISNUMBER(AG3),"Lengkap (gang)","Belum lengkap"),IF(AND(ISNUMBER(AC3),ISNUMBER(AD3),ISNUMBER(AE3),ISNUMBER(AG3),OR(ISNUMBER(AF3),$K3="Tidak ada")),"Lengkap","Belum lengkap"))
A4: RUAS-003 | B4: Day 1 | C4: KWS-06 | D4: Devon | E4: 2026-08-16 | F4: 11:33 | G4: Jl. Besi Jangkang, Gg. bougenvile | H4: 110 | I4: Gang | J4: Sepi | K4: Tidak ada | L4: 0 | M4: 4.5 | N4: 0 | O4: tidak ada | P4: 0 | Q4: Tidak | R4: 0 | S4: 0 | T4: 4 | U4: 0 | V4: 27.5 | W4: Nihil | X4: 107 | Y4: 2 | Z4: Terusan dari ruas jalan 001. Bantak hiasan tujuhbelasan. Jalan aspal, datar. Keteduhan nihil. | AA4: 1 | AB4: 1.03 | AC4: =IF($K4="","",IF($K4="Ada",1,IF($K4="Sebagian",0.5,0))) | AD4: =IF($K4="","",IF($K4="Tidak ada",0,IF($L4="","",MIN($L4/Panduan_W6!$B$9,1)))) | AE4: =IF($K4="","",IF($K4="Tidak ada",0,IF(OR($N4="",$H4=""),"",MAX(0,1-$N4/$H4)))) | AF4: =IF(OR($K4="",$K4="Tidak ada"),"",IF(OR($P4="",$H4=""),"",EXP(-$P4/$H4*100/Panduan_W6!$B$10))) | AG4: =IF($Q4="","",IF($Q4="Tidak",1,0)) | AH4: =IF(ISNUMBER(AC4),Panduan_W6!$B$4,0)+IF(ISNUMBER(AD4),Panduan_W6!$B$5,0)+IF(ISNUMBER(AE4),Panduan_W6!$B$6,0)+IF(ISNUMBER(AF4),Panduan_W6!$B$7,0)+IF(ISNUMBER(AG4),Panduan_W6!$B$8,0) | AI4: =IF(LEFT(AJ4,7)<>"Lengkap","",IF(AJ4="Lengkap (gang)",AG4,(IF(ISNUMBER(AC4),Panduan_W6!$B$4*AC4,0)+IF(ISNUMBER(AD4),Panduan_W6!$B$5*AD4,0)+IF(ISNUMBER(AE4),Panduan_W6!$B$6*AE4,0)+IF(ISNUMBER(AF4),Panduan_W6!$B$7*AF4,0)+IF(ISNUMBER(AG4),Panduan_W6!$B$8*AG4,0))/AH4)) | AJ4: =IF(AND(Panduan_W6!$B$11="Ya",$I4="Gang",$J4="Sepi"),IF(ISNUMBER(AG4),"Lengkap (gang)","Belum lengkap"),IF(AND(ISNUMBER(AC4),ISNUMBER(AD4),ISNUMBER(AE4),ISNUMBER(AG4),OR(ISNUMBER(AF4),$K4="Tidak ada")),"Lengkap","Belum lengkap"))
A5: RUAS-004 | B5: Day 1 | C5: KWS-06 | D5: Andalan | E5: 2026-08-16 | F5: 12:03 | G5: Jl. Kaliurang Km 12 | H5: 80 | I5: Jalan raya | J5: Ramai | K5: Tidak ada | L5: 0 | M5: 8 | N5: 0 | O5: tiang listrik | P5: 4 | Q5: Tidak | R5: 0 | S5: 0 | T5: 3 | U5: 0 | V5: 40 | W5: Nihil | X5: 72 | Y5: 1 | Z5: Sangat sulit berjalan kaki di samping jalan raya ini, pinggir jalan berlubang, berbatu, tidak rata. Tidak ada peneduhan dan minim penerangan. Banyak warung dan aktivitas ekonomi | AA5: 2 | AB5: 1.11 | AC5: =IF($K5="","",IF($K5="Ada",1,IF($K5="Sebagian",0.5,0))) | AD5: =IF($K5="","",IF($K5="Tidak ada",0,IF($L5="","",MIN($L5/Panduan_W6!$B$9,1)))) | AE5: =IF($K5="","",IF($K5="Tidak ada",0,IF(OR($N5="",$H5=""),"",MAX(0,1-$N5/$H5)))) | AF5: =IF(OR($K5="",$K5="Tidak ada"),"",IF(OR($P5="",$H5=""),"",EXP(-$P5/$H5*100/Panduan_W6!$B$10))) | AG5: =IF($Q5="","",IF($Q5="Tidak",1,0)) | AH5: =IF(ISNUMBER(AC5),Panduan_W6!$B$4,0)+IF(ISNUMBER(AD5),Panduan_W6!$B$5,0)+IF(ISNUMBER(AE5),Panduan_W6!$B$6,0)+IF(ISNUMBER(AF5),Panduan_W6!$B$7,0)+IF(ISNUMBER(AG5),Panduan_W6!$B$8,0) | AI5: =IF(LEFT(AJ5,7)<>"Lengkap","",IF(AJ5="Lengkap (gang)",AG5,(IF(ISNUMBER(AC5),Panduan_W6!$B$4*AC5,0)+IF(ISNUMBER(AD5),Panduan_W6!$B$5*AD5,0)+IF(ISNUMBER(AE5),Panduan_W6!$B$6*AE5,0)+IF(ISNUMBER(AF5),Panduan_W6!$B$7*AF5,0)+IF(ISNUMBER(AG5),Panduan_W6!$B$8*AG5,0))/AH5)) | AJ5: =IF(AND(Panduan_W6!$B$11="Ya",$I5="Gang",$J5="Sepi"),IF(ISNUMBER(AG5),"Lengkap (gang)","Belum lengkap"),IF(AND(ISNUMBER(AC5),ISNUMBER(AD5),ISNUMBER(AE5),ISNUMBER(AG5),OR(ISNUMBER(AF5),$K5="Tidak ada")),"Lengkap","Belum lengkap"))
A6: RUAS-005 | B6: Day 1 | C6: KWS-06 | D6: Andalan | E6: 2026-08-16 | F6: 13:28 | G6: Jl. Kaliurang Km 13 | H6: 90 | I6: Jalan raya | J6: Ramai | K6: Tidak ada | L6: 0 | M6: 8 | N6: 0 | O6: tiang listrik | P6: 7 | Q6: Tidak | R6: 0 | S6: 0 | T6: 1 | U6: 0 | V6: 0 | W6: Nihil | X6: 105 | Y6: 1 | Z6: Sangat banyak lobang, hanya 1 lampu, tidak ada zebra cross padahal sangat ramai | AA6: 2 | AB6: 0.86 | AC6: =IF($K6="","",IF($K6="Ada",1,IF($K6="Sebagian",0.5,0))) | AD6: =IF($K6="","",IF($K6="Tidak ada",0,IF($L6="","",MIN($L6/Panduan_W6!$B$9,1)))) | AE6: =IF($K6="","",IF($K6="Tidak ada",0,IF(OR($N6="",$H6=""),"",MAX(0,1-$N6/$H6)))) | AF6: =IF(OR($K6="",$K6="Tidak ada"),"",IF(OR($P6="",$H6=""),"",EXP(-$P6/$H6*100/Panduan_W6!$B$10))) | AG6: =IF($Q6="","",IF($Q6="Tidak",1,0)) | AH6: =IF(ISNUMBER(AC6),Panduan_W6!$B$4,0)+IF(ISNUMBER(AD6),Panduan_W6!$B$5,0)+IF(ISNUMBER(AE6),Panduan_W6!$B$6,0)+IF(ISNUMBER(AF6),Panduan_W6!$B$7,0)+IF(ISNUMBER(AG6),Panduan_W6!$B$8,0) | AI6: =IF(LEFT(AJ6,7)<>"Lengkap","",IF(AJ6="Lengkap (gang)",AG6,(IF(ISNUMBER(AC6),Panduan_W6!$B$4*AC6,0)+IF(ISNUMBER(AD6),Panduan_W6!$B$5*AD6,0)+IF(ISNUMBER(AE6),Panduan_W6!$B$6*AE6,0)+IF(ISNUMBER(AF6),Panduan_W6!$B$7*AF6,0)+IF(ISNUMBER(AG6),Panduan_W6!$B$8*AG6,0))/AH6)) | AJ6: =IF(AND(Panduan_W6!$B$11="Ya",$I6="Gang",$J6="Sepi"),IF(ISNUMBER(AG6),"Lengkap (gang)","Belum lengkap"),IF(AND(ISNUMBER(AC6),ISNUMBER(AD6),ISNUMBER(AE6),ISNUMBER(AG6),OR(ISNUMBER(AF6),$K6="Tidak ada")),"Lengkap","Belum lengkap"))
A7: RUAS-006 | B7: Day 1 | C7: KWS-06 | D7: Delon | E7: 2026-08-16 | F7: 13:38 | G7: Jl. Kaliurang Km 13 | H7: 110 | I7: Jalan raya | J7: Ramai | K7: Tidak ada | L7: 0 | M7: 8 | N7: 0 | O7: tiang listrik, lampu lalu lintas | P7: 7 | Q7: Tidak | R7: 0 | S7: 0 | T7: 3 | U7: 0 | V7: 40 | W7: Nihil | X7: 108 | Y7: 3 | Z7: jalan berlubang, perlu menyeberang gang karena ada pertigaan, tiang lampu merah menghalangi jalan, tidak ada zebracross | AA7: 2 | AB7: 1.02 | AC7: =IF($K7="","",IF($K7="Ada",1,IF($K7="Sebagian",0.5,0))) | AD7: =IF($K7="","",IF($K7="Tidak ada",0,IF($L7="","",MIN($L7/Panduan_W6!$B$9,1)))) | AE7: =IF($K7="","",IF($K7="Tidak ada",0,IF(OR($N7="",$H7=""),"",MAX(0,1-$N7/$H7)))) | AF7: =IF(OR($K7="",$K7="Tidak ada"),"",IF(OR($P7="",$H7=""),"",EXP(-$P7/$H7*100/Panduan_W6!$B$10))) | AG7: =IF($Q7="","",IF($Q7="Tidak",1,0)) | AH7: =IF(ISNUMBER(AC7),Panduan_W6!$B$4,0)+IF(ISNUMBER(AD7),Panduan_W6!$B$5,0)+IF(ISNUMBER(AE7),Panduan_W6!$B$6,0)+IF(ISNUMBER(AF7),Panduan_W6!$B$7,0)+IF(ISNUMBER(AG7),Panduan_W6!$B$8,0) | AI7: =IF(LEFT(AJ7,7)<>"Lengkap","",IF(AJ7="Lengkap (gang)",AG7,(IF(ISNUMBER(AC7),Panduan_W6!$B$4*AC7,0)+IF(ISNUMBER(AD7),Panduan_W6!$B$5*AD7,0)+IF(ISNUMBER(AE7),Panduan_W6!$B$6*AE7,0)+IF(ISNUMBER(AF7),Panduan_W6!$B$7*AF7,0)+IF(ISNUMBER(AG7),Panduan_W6!$B$8*AG7,0))/AH7)) | AJ7: =IF(AND(Panduan_W6!$B$11="Ya",$I7="Gang",$J7="Sepi"),IF(ISNUMBER(AG7),"Lengkap (gang)","Belum lengkap"),IF(AND(ISNUMBER(AC7),ISNUMBER(AD7),ISNUMBER(AE7),ISNUMBER(AG7),OR(ISNUMBER(AF7),$K7="Tidak ada")),"Lengkap","Belum lengkap"))
A8: RUAS-007 | B8: Day 1 | C8: KWS-06 | D8: Delon | E8: 2026-08-16 | F8: 13:49 | G8: Jl. Kaliurang Km 13 | H8: 140 | I8: Jalan raya | J8: Ramai | K8: Tidak ada | L8: 0 | M8: 8 | N8: 0 | O8: tidak ada | P8: 1 | Q8: Tidak | R8: 0 | S8: 0 | T8: 2 | U8: 0 | V8: 57 | W8: Nihil | X8: 90 | Y8: 1 | Z8: ruas pejalan kaki beton, tidak berlubang tidak ada zebra cross, tidak ada pohon, area pejalan kaki cukup lebar 2-3 orang | AA8: 2 | AB8: 1.56 | AC8: =IF($K8="","",IF($K8="Ada",1,IF($K8="Sebagian",0.5,0))) | AD8: =IF($K8="","",IF($K8="Tidak ada",0,IF($L8="","",MIN($L8/Panduan_W6!$B$9,1)))) | AE8: =IF($K8="","",IF($K8="Tidak ada",0,IF(OR($N8="",$H8=""),"",MAX(0,1-$N8/$H8)))) | AF8: =IF(OR($K8="",$K8="Tidak ada"),"",IF(OR($P8="",$H8=""),"",EXP(-$P8/$H8*100/Panduan_W6!$B$10))) | AG8: =IF($Q8="","",IF($Q8="Tidak",1,0)) | AH8: =IF(ISNUMBER(AC8),Panduan_W6!$B$4,0)+IF(ISNUMBER(AD8),Panduan_W6!$B$5,0)+IF(ISNUMBER(AE8),Panduan_W6!$B$6,0)+IF(ISNUMBER(AF8),Panduan_W6!$B$7,0)+IF(ISNUMBER(AG8),Panduan_W6!$B$8,0) | AI8: =IF(LEFT(AJ8,7)<>"Lengkap","",IF(AJ8="Lengkap (gang)",AG8,(IF(ISNUMBER(AC8),Panduan_W6!$B$4*AC8,0)+IF(ISNUMBER(AD8),Panduan_W6!$B$5*AD8,0)+IF(ISNUMBER(AE8),Panduan_W6!$B$6*AE8,0)+IF(ISNUMBER(AF8),Panduan_W6!$B$7*AF8,0)+IF(ISNUMBER(AG8),Panduan_W6!$B$8*AG8,0))/AH8)) | AJ8: =IF(AND(Panduan_W6!$B$11="Ya",$I8="Gang",$J8="Sepi"),IF(ISNUMBER(AG8),"Lengkap (gang)","Belum lengkap"),IF(AND(ISNUMBER(AC8),ISNUMBER(AD8),ISNUMBER(AE8),ISNUMBER(AG8),OR(ISNUMBER(AF8),$K8="Tidak ada")),"Lengkap","Belum lengkap"))
A9: RUAS-008 | B9: Day 1 | C9: KWS-11 | D9: Andalan | E9: 2026-08-16 | F9: 15:28 | G9: Gg. Pandega Rini I, Manggung, Caturtunggal | H9: 98 | I9: Gang | J9: Sepi | K9: Tidak ada | L9: 0 | M9: 3.3 | N9: 0 | O9: tidak ada | P9: 0 | Q9: Tidak | R9: 0 | S9: 0 | T9: 5 | U9: 1 | V9: 21 | W9: 25 sampai 50 persen | X9: 90 | Y9: 1 | Z9: Jalan kompleks perumahan, keluarnya tepat di Ringroad Utara. Jalan cukup oke, portal dibuka jam 5 sampai 22 | AA9: 1 | AB9: 1.09 | AC9: =IF($K9="","",IF($K9="Ada",1,IF($K9="Sebagian",0.5,0))) | AD9: =IF($K9="","",IF($K9="Tidak ada",0,IF($L9="","",MIN($L9/Panduan_W6!$B$9,1)))) | AE9: =IF($K9="","",IF($K9="Tidak ada",0,IF(OR($N9="",$H9=""),"",MAX(0,1-$N9/$H9)))) | AF9: =IF(OR($K9="",$K9="Tidak ada"),"",IF(OR($P9="",$H9=""),"",EXP(-$P9/$H9*100/Panduan_W6!$B$10))) | AG9: =IF($Q9="","",IF($Q9="Tidak",1,0)) | AH9: =IF(ISNUMBER(AC9),Panduan_W6!$B$4,0)+IF(ISNUMBER(AD9),Panduan_W6!$B$5,0)+IF(ISNUMBER(AE9),Panduan_W6!$B$6,0)+IF(ISNUMBER(AF9),Panduan_W6!$B$7,0)+IF(ISNUMBER(AG9),Panduan_W6!$B$8,0) | AI9: =IF(LEFT(AJ9,7)<>"Lengkap","",IF(AJ9="Lengkap (gang)",AG9,(IF(ISNUMBER(AC9),Panduan_W6!$B$4*AC9,0)+IF(ISNUMBER(AD9),Panduan_W6!$B$5*AD9,0)+IF(ISNUMBER(AE9),Panduan_W6!$B$6*AE9,0)+IF(ISNUMBER(AF9),Panduan_W6!$B$7*AF9,0)+IF(ISNUMBER(AG9),Panduan_W6!$B$8*AG9,0))/AH9)) | AJ9: =IF(AND(Panduan_W6!$B$11="Ya",$I9="Gang",$J9="Sepi"),IF(ISNUMBER(AG9),"Lengkap (gang)","Belum lengkap"),IF(AND(ISNUMBER(AC9),ISNUMBER(AD9),ISNUMBER(AE9),ISNUMBER(AG9),OR(ISNUMBER(AF9),$K9="Tidak ada")),"Lengkap","Belum lengkap"))
A10: RUAS-009 | B10: Day 1 | C10: KWS-11 | D10: Theo | E10: 2026-08-16 | F10: 15:42 | G10: Jl. Ringroad Utara | H10: 165.64 | I10: Jalan raya | J10: Sedang | K10: Ada | L10: 1.2 | M10: 5.25 | N10: 100.98 | O10: tidak ada | P10: 0 | Q10: Ya | R10: 0 | S10: 0 | T10: 5 | U10: 0 | V10: 19.37 | W10: Nihil | X10: 150 | Z10: jalanya dah bagus hanya beberapa ada penutup got yang berbahaya karena tidak rata | AA10: 2 | AB10: 1.1 | AC10: =IF($K10="","",IF($K10="Ada",1,IF($K10="Sebagian",0.5,0))) | AD10: =IF($K10="","",IF($K10="Tidak ada",0,IF($L10="","",MIN($L10/Panduan_W6!$B$9,1)))) | AE10: =IF($K10="","",IF($K10="Tidak ada",0,IF(OR($N10="",$H10=""),"",MAX(0,1-$N10/$H10)))) | AF10: =IF(OR($K10="",$K10="Tidak ada"),"",IF(OR($P10="",$H10=""),"",EXP(-$P10/$H10*100/Panduan_W6!$B$10))) | AG10: =IF($Q10="","",IF($Q10="Tidak",1,0)) | AH10: =IF(ISNUMBER(AC10),Panduan_W6!$B$4,0)+IF(ISNUMBER(AD10),Panduan_W6!$B$5,0)+IF(ISNUMBER(AE10),Panduan_W6!$B$6,0)+IF(ISNUMBER(AF10),Panduan_W6!$B$7,0)+IF(ISNUMBER(AG10),Panduan_W6!$B$8,0) | AI10: =IF(LEFT(AJ10,7)<>"Lengkap","",IF(AJ10="Lengkap (gang)",AG10,(IF(ISNUMBER(AC10),Panduan_W6!$B$4*AC10,0)+IF(ISNUMBER(AD10),Panduan_W6!$B$5*AD10,0)+IF(ISNUMBER(AE10),Panduan_W6!$B$6*AE10,0)+IF(ISNUMBER(AF10),Panduan_W6!$B$7*AF10,0)+IF(ISNUMBER(AG10),Panduan_W6!$B$8*AG10,0))/AH10)) | AJ10: =IF(AND(Panduan_W6!$B$11="Ya",$I10="Gang",$J10="Sepi"),IF(ISNUMBER(AG10),"Lengkap (gang)","Belum lengkap"),IF(AND(ISNUMBER(AC10),ISNUMBER(AD10),ISNUMBER(AE10),ISNUMBER(AG10),OR(ISNUMBER(AF10),$K10="Tidak ada")),"Lengkap","Belum lengkap"))
A11: RUAS-010 | B11: Day 1 | C11: KWS-04 | D11: Delon | E11: 2026-08-16 | F11: 15:52 | G11: Jl. Raya Tajem | H11: 140 | I11: Jalan raya | J11: Ramai | K11: Ada | L11: 1 | M11: 10 | N11: 0.5 | O11: mobil parkir | P11: 1 | Q11: Ya | R11: 0 | S11: 0 | T11: 0 | U11: 0 | V11: 0 | W11: Nihil | X11: 124 | Y11: 2 | Z11: Ruas jalan di Jl. Raya Tajem sebenarnya memiliki lampu di sisi timurnya, kami melakukan survei ruas jalan di sisi barat jalan. Lampu jalan di sisi timur tidak memiliki cukup penerangan hingga ruas jalan barat | AA11: 4 | AB11: 1.13 | AC11: =IF($K11="","",IF($K11="Ada",1,IF($K11="Sebagian",0.5,0))) | AD11: =IF($K11="","",IF($K11="Tidak ada",0,IF($L11="","",MIN($L11/Panduan_W6!$B$9,1)))) | AE11: =IF($K11="","",IF($K11="Tidak ada",0,IF(OR($N11="",$H11=""),"",MAX(0,1-$N11/$H11)))) | AF11: =IF(OR($K11="",$K11="Tidak ada"),"",IF(OR($P11="",$H11=""),"",EXP(-$P11/$H11*100/Panduan_W6!$B$10))) | AG11: =IF($Q11="","",IF($Q11="Tidak",1,0)) | AH11: =IF(ISNUMBER(AC11),Panduan_W6!$B$4,0)+IF(ISNUMBER(AD11),Panduan_W6!$B$5,0)+IF(ISNUMBER(AE11),Panduan_W6!$B$6,0)+IF(ISNUMBER(AF11),Panduan_W6!$B$7,0)+IF(ISNUMBER(AG11),Panduan_W6!$B$8,0) | AI11: =IF(LEFT(AJ11,7)<>"Lengkap","",IF(AJ11="Lengkap (gang)",AG11,(IF(ISNUMBER(AC11),Panduan_W6!$B$4*AC11,0)+IF(ISNUMBER(AD11),Panduan_W6!$B$5*AD11,0)+IF(ISNUMBER(AE11),Panduan_W6!$B$6*AE11,0)+IF(ISNUMBER(AF11),Panduan_W6!$B$7*AF11,0)+IF(ISNUMBER(AG11),Panduan_W6!$B$8*AG11,0))/AH11)) | AJ11: =IF(AND(Panduan_W6!$B$11="Ya",$I11="Gang",$J11="Sepi"),IF(ISNUMBER(AG11),"Lengkap (gang)","Belum lengkap"),IF(AND(ISNUMBER(AC11),ISNUMBER(AD11),ISNUMBER(AE11),ISNUMBER(AG11),OR(ISNUMBER(AF11),$K11="Tidak ada")),"Lengkap","Belum lengkap"))
A12: RUAS-011 | B12: Day 1 | C12: KWS-11 | D12: Theo | E12: 2026-08-16 | G12: JI. Pandega Maharsi | H12: 142.51 | I12: Jalan kecil | J12: Sepi | K12: Tidak ada | L12: 0 | M12: 4.2 | N12: 0 | O12: tidak ada | P12: 0 | Q12: Tidak | R12: 0 | S12: 0 | T12: 6 | U12: 0 | V12: 22.5 | W12: 25 sampai 50 persen | X12: 245 | Y12: 1 | Z12: jalan udah bagus ada banyak polisi tidur yang sudah retak | AA12: 1.5 | AB12: 0.58 | AC12: =IF($K12="","",IF($K12="Ada",1,IF($K12="Sebagian",0.5,0))) | AD12: =IF($K12="","",IF($K12="Tidak ada",0,IF($L12="","",MIN($L12/Panduan_W6!$B$9,1)))) | AE12: =IF($K12="","",IF($K12="Tidak ada",0,IF(OR($N12="",$H12=""),"",MAX(0,1-$N12/$H12)))) | AF12: =IF(OR($K12="",$K12="Tidak ada"),"",IF(OR($P12="",$H12=""),"",EXP(-$P12/$H12*100/Panduan_W6!$B$10))) | AG12: =IF($Q12="","",IF($Q12="Tidak",1,0)) | AH12: =IF(ISNUMBER(AC12),Panduan_W6!$B$4,0)+IF(ISNUMBER(AD12),Panduan_W6!$B$5,0)+IF(ISNUMBER(AE12),Panduan_W6!$B$6,0)+IF(ISNUMBER(AF12),Panduan_W6!$B$7,0)+IF(ISNUMBER(AG12),Panduan_W6!$B$8,0) | AI12: =IF(LEFT(AJ12,7)<>"Lengkap","",IF(AJ12="Lengkap (gang)",AG12,(IF(ISNUMBER(AC12),Panduan_W6!$B$4*AC12,0)+IF(ISNUMBER(AD12),Panduan_W6!$B$5*AD12,0)+IF(ISNUMBER(AE12),Panduan_W6!$B$6*AE12,0)+IF(ISNUMBER(AF12),Panduan_W6!$B$7*AF12,0)+IF(ISNUMBER(AG12),Panduan_W6!$B$8*AG12,0))/AH12)) | AJ12: =IF(AND(Panduan_W6!$B$11="Ya",$I12="Gang",$J12="Sepi"),IF(ISNUMBER(AG12),"Lengkap (gang)","Belum lengkap"),IF(AND(ISNUMBER(AC12),ISNUMBER(AD12),ISNUMBER(AE12),ISNUMBER(AG12),OR(ISNUMBER(AF12),$K12="Tidak ada")),"Lengkap","Belum lengkap"))
A13: RUAS-012 | B13: Day 1 | C13: KWS-04 | D13: Devon | E13: 2026-08-16 | F13: 16:07 | G13: Jl. Raya Tajem | H13: 130 | I13: Jalan raya | J13: Ramai | K13: Ada | L13: 1 | M13: 10 | N13: 3 | O13: mobil parkir | P13: 1 | Q13: Ya | R13: 0 | S13: 0 | T13: 0 | U13: 0 | V13: 0 | W13: Nihil | X13: 120 | Y13: 1 | AA13: 4 | AB13: 1.08 | AC13: =IF($K13="","",IF($K13="Ada",1,IF($K13="Sebagian",0.5,0))) | AD13: =IF($K13="","",IF($K13="Tidak ada",0,IF($L13="","",MIN($L13/Panduan_W6!$B$9,1)))) | AE13: =IF($K13="","",IF($K13="Tidak ada",0,IF(OR($N13="",$H13=""),"",MAX(0,1-$N13/$H13)))) | AF13: =IF(OR($K13="",$K13="Tidak ada"),"",IF(OR($P13="",$H13=""),"",EXP(-$P13/$H13*100/Panduan_W6!$B$10))) | AG13: =IF($Q13="","",IF($Q13="Tidak",1,0)) | AH13: =IF(ISNUMBER(AC13),Panduan_W6!$B$4,0)+IF(ISNUMBER(AD13),Panduan_W6!$B$5,0)+IF(ISNUMBER(AE13),Panduan_W6!$B$6,0)+IF(ISNUMBER(AF13),Panduan_W6!$B$7,0)+IF(ISNUMBER(AG13),Panduan_W6!$B$8,0) | AI13: =IF(LEFT(AJ13,7)<>"Lengkap","",IF(AJ13="Lengkap (gang)",AG13,(IF(ISNUMBER(AC13),Panduan_W6!$B$4*AC13,0)+IF(ISNUMBER(AD13),Panduan_W6!$B$5*AD13,0)+IF(ISNUMBER(AE13),Panduan_W6!$B$6*AE13,0)+IF(ISNUMBER(AF13),Panduan_W6!$B$7*AF13,0)+IF(ISNUMBER(AG13),Panduan_W6!$B$8*AG13,0))/AH13)) | AJ13: =IF(AND(Panduan_W6!$B$11="Ya",$I13="Gang",$J13="Sepi"),IF(ISNUMBER(AG13),"Lengkap (gang)","Belum lengkap"),IF(AND(ISNUMBER(AC13),ISNUMBER(AD13),ISNUMBER(AE13),ISNUMBER(AG13),OR(ISNUMBER(AF13),$K13="Tidak ada")),"Lengkap","Belum lengkap"))
A14: RUAS-013 | B14: Day 1 | C14: KWS-11 | D14: Andalan | E14: 2026-08-16 | F14: 16:09 | G14: Jl. Kaliurang Km 6 | H14: 220 | I14: Jalan raya | J14: Ramai | K14: Tidak ada | L14: 0 | M14: 9 | N14: 0 | O14: tidak ada | P14: 0 | Q14: Tidak | R14: 0 | S14: 0 | T14: 4 | U14: 0 | V14: 110 | W14: Nihil | X14: 200 | Y14: 2 | Z14: Jalan paling rame sejauh ini. Nyebrang sangat sulit. Berdebu krn byk kendaraanBanyak sekali usaha di kedua sisi jalan, seperti kuliner, kesehatan, bengkel, dsb. | AA14: 4 | AB14: 1.1 | AC14: =IF($K14="","",IF($K14="Ada",1,IF($K14="Sebagian",0.5,0))) | AD14: =IF($K14="","",IF($K14="Tidak ada",0,IF($L14="","",MIN($L14/Panduan_W6!$B$9,1)))) | AE14: =IF($K14="","",IF($K14="Tidak ada",0,IF(OR($N14="",$H14=""),"",MAX(0,1-$N14/$H14)))) | AF14: =IF(OR($K14="",$K14="Tidak ada"),"",IF(OR($P14="",$H14=""),"",EXP(-$P14/$H14*100/Panduan_W6!$B$10))) | AG14: =IF($Q14="","",IF($Q14="Tidak",1,0)) | AH14: =IF(ISNUMBER(AC14),Panduan_W6!$B$4,0)+IF(ISNUMBER(AD14),Panduan_W6!$B$5,0)+IF(ISNUMBER(AE14),Panduan_W6!$B$6,0)+IF(ISNUMBER(AF14),Panduan_W6!$B$7,0)+IF(ISNUMBER(AG14),Panduan_W6!$B$8,0) | AI14: =IF(LEFT(AJ14,7)<>"Lengkap","",IF(AJ14="Lengkap (gang)",AG14,(IF(ISNUMBER(AC14),Panduan_W6!$B$4*AC14,0)+IF(ISNUMBER(AD14),Panduan_W6!$B$5*AD14,0)+IF(ISNUMBER(AE14),Panduan_W6!$B$6*AE14,0)+IF(ISNUMBER(AF14),Panduan_W6!$B$7*AF14,0)+IF(ISNUMBER(AG14),Panduan_W6!$B$8*AG14,0))/AH14)) | AJ14: =IF(AND(Panduan_W6!$B$11="Ya",$I14="Gang",$J14="Sepi"),IF(ISNUMBER(AG14),"Lengkap (gang)","Belum lengkap"),IF(AND(ISNUMBER(AC14),ISNUMBER(AD14),ISNUMBER(AE14),ISNUMBER(AG14),OR(ISNUMBER(AF14),$K14="Tidak ada")),"Lengkap","Belum lengkap"))
A15: RUAS-014 | B15: Day 1 | C15: KWS-04 | D15: Devon | E15: 2026-08-16 | F15: 16:23 | G15: Jl. Raya Tajem | H15: 230 | I15: Jalan raya | J15: Ramai | K15: Ada | L15: 1 | M15: 10 | N15: 3 | O15: mobil parkir | P15: 0 | Q15: Ya | R15: 0 | S15: 0 | T15: 1 | U15: 0 | W15: Di bawah 25 persen | X15: 203 | Y15: 1 | Z15: Akhirnya di ruas jalan raya tajem, terdapat penerangan jalan. Lampu penerangan kecil dibawah spanduk toko bangunan. | AA15: 4 | AB15: 1.13 | AC15: =IF($K15="","",IF($K15="Ada",1,IF($K15="Sebagian",0.5,0))) | AD15: =IF($K15="","",IF($K15="Tidak ada",0,IF($L15="","",MIN($L15/Panduan_W6!$B$9,1)))) | AE15: =IF($K15="","",IF($K15="Tidak ada",0,IF(OR($N15="",$H15=""),"",MAX(0,1-$N15/$H15)))) | AF15: =IF(OR($K15="",$K15="Tidak ada"),"",IF(OR($P15="",$H15=""),"",EXP(-$P15/$H15*100/Panduan_W6!$B$10))) | AG15: =IF($Q15="","",IF($Q15="Tidak",1,0)) | AH15: =IF(ISNUMBER(AC15),Panduan_W6!$B$4,0)+IF(ISNUMBER(AD15),Panduan_W6!$B$5,0)+IF(ISNUMBER(AE15),Panduan_W6!$B$6,0)+IF(ISNUMBER(AF15),Panduan_W6!$B$7,0)+IF(ISNUMBER(AG15),Panduan_W6!$B$8,0) | AI15: =IF(LEFT(AJ15,7)<>"Lengkap","",IF(AJ15="Lengkap (gang)",AG15,(IF(ISNUMBER(AC15),Panduan_W6!$B$4*AC15,0)+IF(ISNUMBER(AD15),Panduan_W6!$B$5*AD15,0)+IF(ISNUMBER(AE15),Panduan_W6!$B$6*AE15,0)+IF(ISNUMBER(AF15),Panduan_W6!$B$7*AF15,0)+IF(ISNUMBER(AG15),Panduan_W6!$B$8*AG15,0))/AH15)) | AJ15: =IF(AND(Panduan_W6!$B$11="Ya",$I15="Gang",$J15="Sepi"),IF(ISNUMBER(AG15),"Lengkap (gang)","Belum lengkap"),IF(AND(ISNUMBER(AC15),ISNUMBER(AD15),ISNUMBER(AE15),ISNUMBER(AG15),OR(ISNUMBER(AF15),$K15="Tidak ada")),"Lengkap","Belum lengkap"))
A16: RUAS-015 | B16: Day 1 | C16: KWS-04 | D16: Delon | E16: 2026-08-16 | F16: 16:32 | G16: Jl. Stadion | H16: 235 | I16: Jalan raya | J16: Sedang | K16: Ada | L16: 1.8 | M16: 12 | N16: 40 | O16: mobil parkir, papan spanduk | P16: 12 | Q16: Ya | R16: 1 | S16: 0 | T16: 5 | U16: 0 | W16: Di bawah 25 persen | X16: 225 | Y16: 2 | Z16: ada pedagang durian di ruas jalan yang memarkirkan mobil di jalan raya, ada juga dupa tertancap di samping ruas jalan | AA16: 4 | AB16: 1.04 | AC16: =IF($K16="","",IF($K16="Ada",1,IF($K16="Sebagian",0.5,0))) | AD16: =IF($K16="","",IF($K16="Tidak ada",0,IF($L16="","",MIN($L16/Panduan_W6!$B$9,1)))) | AE16: =IF($K16="","",IF($K16="Tidak ada",0,IF(OR($N16="",$H16=""),"",MAX(0,1-$N16/$H16)))) | AF16: =IF(OR($K16="",$K16="Tidak ada"),"",IF(OR($P16="",$H16=""),"",EXP(-$P16/$H16*100/Panduan_W6!$B$10))) | AG16: =IF($Q16="","",IF($Q16="Tidak",1,0)) | AH16: =IF(ISNUMBER(AC16),Panduan_W6!$B$4,0)+IF(ISNUMBER(AD16),Panduan_W6!$B$5,0)+IF(ISNUMBER(AE16),Panduan_W6!$B$6,0)+IF(ISNUMBER(AF16),Panduan_W6!$B$7,0)+IF(ISNUMBER(AG16),Panduan_W6!$B$8,0) | AI16: =IF(LEFT(AJ16,7)<>"Lengkap","",IF(AJ16="Lengkap (gang)",AG16,(IF(ISNUMBER(AC16),Panduan_W6!$B$4*AC16,0)+IF(ISNUMBER(AD16),Panduan_W6!$B$5*AD16,0)+IF(ISNUMBER(AE16),Panduan_W6!$B$6*AE16,0)+IF(ISNUMBER(AF16),Panduan_W6!$B$7*AF16,0)+IF(ISNUMBER(AG16),Panduan_W6!$B$8*AG16,0))/AH16)) | AJ16: =IF(AND(Panduan_W6!$B$11="Ya",$I16="Gang",$J16="Sepi"),IF(ISNUMBER(AG16),"Lengkap (gang)","Belum lengkap"),IF(AND(ISNUMBER(AC16),ISNUMBER(AD16),ISNUMBER(AE16),ISNUMBER(AG16),OR(ISNUMBER(AF16),$K16="Tidak ada")),"Lengkap","Belum lengkap"))
A17: RUAS-016 | B17: Day 1 | C17: KWS-11 | D17: Andalan | E17: 2026-08-16 | F17: 16:31 | G17: Jl. Kaliurang Km 6 | H17: 250 | I17: Jalan raya | J17: Ramai | K17: Sebagian | L17: 1.4 | M17: 12 | N17: 115 | O17: material bangunan | P17: 2 | Q17: Ya | R17: 0 | S17: 0 | T17: 4 | U17: 2 | V17: 45 | W17: Di bawah 25 persen | X17: 200 | Y17: 1 | Z17: Toko bangunan pasirnya menghalang jalan. Kondisi keseluruhan masih sama dengan jalan kaliurang km 6 tadi | AA17: 4 | AB17: 1.25 | AC17: =IF($K17="","",IF($K17="Ada",1,IF($K17="Sebagian",0.5,0))) | AD17: =IF($K17="","",IF($K17="Tidak ada",0,IF($L17="","",MIN($L17/Panduan_W6!$B$9,1)))) | AE17: =IF($K17="","",IF($K17="Tidak ada",0,IF(OR($N17="",$H17=""),"",MAX(0,1-$N17/$H17)))) | AF17: =IF(OR($K17="",$K17="Tidak ada"),"",IF(OR($P17="",$H17=""),"",EXP(-$P17/$H17*100/Panduan_W6!$B$10))) | AG17: =IF($Q17="","",IF($Q17="Tidak",1,0)) | AH17: =IF(ISNUMBER(AC17),Panduan_W6!$B$4,0)+IF(ISNUMBER(AD17),Panduan_W6!$B$5,0)+IF(ISNUMBER(AE17),Panduan_W6!$B$6,0)+IF(ISNUMBER(AF17),Panduan_W6!$B$7,0)+IF(ISNUMBER(AG17),Panduan_W6!$B$8,0) | AI17: =IF(LEFT(AJ17,7)<>"Lengkap","",IF(AJ17="Lengkap (gang)",AG17,(IF(ISNUMBER(AC17),Panduan_W6!$B$4*AC17,0)+IF(ISNUMBER(AD17),Panduan_W6!$B$5*AD17,0)+IF(ISNUMBER(AE17),Panduan_W6!$B$6*AE17,0)+IF(ISNUMBER(AF17),Panduan_W6!$B$7*AF17,0)+IF(ISNUMBER(AG17),Panduan_W6!$B$8*AG17,0))/AH17)) | AJ17: =IF(AND(Panduan_W6!$B$11="Ya",$I17="Gang",$J17="Sepi"),IF(ISNUMBER(AG17),"Lengkap (gang)","Belum lengkap"),IF(AND(ISNUMBER(AC17),ISNUMBER(AD17),ISNUMBER(AE17),ISNUMBER(AG17),OR(ISNUMBER(AF17),$K17="Tidak ada")),"Lengkap","Belum lengkap"))
A18: RUAS-017 | B18: Day 1 | C18: KWS-11 | D18: Theo | E18: 2026-08-16 | F18: 16:42 | G18: Gg. Pandega Rini | H18: 93.02 | I18: Jalan kecil | J18: Sepi | K18: Tidak ada | L18: 0 | M18: 4.2 | N18: 0 | O18: mobil parkir | P18: 0 | Q18: Ya | R18: 0 | S18: 0 | T18: 3 | U18: 0 | V18: 25.29 | W18: 25 sampai 50 persen | X18: 135 | Z18: ruasnya bagus namun beberapa polisi tidur agak rusak | AA18: 1 | AB18: 0.69 | AC18: =IF($K18="","",IF($K18="Ada",1,IF($K18="Sebagian",0.5,0))) | AD18: =IF($K18="","",IF($K18="Tidak ada",0,IF($L18="","",MIN($L18/Panduan_W6!$B$9,1)))) | AE18: =IF($K18="","",IF($K18="Tidak ada",0,IF(OR($N18="",$H18=""),"",MAX(0,1-$N18/$H18)))) | AF18: =IF(OR($K18="",$K18="Tidak ada"),"",IF(OR($P18="",$H18=""),"",EXP(-$P18/$H18*100/Panduan_W6!$B$10))) | AG18: =IF($Q18="","",IF($Q18="Tidak",1,0)) | AH18: =IF(ISNUMBER(AC18),Panduan_W6!$B$4,0)+IF(ISNUMBER(AD18),Panduan_W6!$B$5,0)+IF(ISNUMBER(AE18),Panduan_W6!$B$6,0)+IF(ISNUMBER(AF18),Panduan_W6!$B$7,0)+IF(ISNUMBER(AG18),Panduan_W6!$B$8,0) | AI18: =IF(LEFT(AJ18,7)<>"Lengkap","",IF(AJ18="Lengkap (gang)",AG18,(IF(ISNUMBER(AC18),Panduan_W6!$B$4*AC18,0)+IF(ISNUMBER(AD18),Panduan_W6!$B$5*AD18,0)+IF(ISNUMBER(AE18),Panduan_W6!$B$6*AE18,0)+IF(ISNUMBER(AF18),Panduan_W6!$B$7*AF18,0)+IF(ISNUMBER(AG18),Panduan_W6!$B$8*AG18,0))/AH18)) | AJ18: =IF(AND(Panduan_W6!$B$11="Ya",$I18="Gang",$J18="Sepi"),IF(ISNUMBER(AG18),"Lengkap (gang)","Belum lengkap"),IF(AND(ISNUMBER(AC18),ISNUMBER(AD18),ISNUMBER(AE18),ISNUMBER(AG18),OR(ISNUMBER(AF18),$K18="Tidak ada")),"Lengkap","Belum lengkap"))
A19: RUAS-018 | B19: Day 1 | C19: KWS-04 | D19: Delon | E19: 2026-08-16 | F19: 16:51 | G19: Jl. Stadion | H19: 250 | I19: Jalan raya | J19: Sedang | K19: Ada | L19: 1.2 | M19: 12 | N19: 2 | O19: lubang drainase yang terbuka | P19: 15 | Q19: Tidak | R19: 0 | S19: 0 | T19: 7 | U19: 0 | V19: 30 | W19: Nihil | X19: 255 | Y19: 1 | Z19: cukup ramah pejalan kaki, penerangan bagus, tapi keteduhan nihil banyak paving lepas serta ada lubang drainase terbuka | AA19: 4 | AB19: 0.98 | AC19: =IF($K19="","",IF($K19="Ada",1,IF($K19="Sebagian",0.5,0))) | AD19: =IF($K19="","",IF($K19="Tidak ada",0,IF($L19="","",MIN($L19/Panduan_W6!$B$9,1)))) | AE19: =IF($K19="","",IF($K19="Tidak ada",0,IF(OR($N19="",$H19=""),"",MAX(0,1-$N19/$H19)))) | AF19: =IF(OR($K19="",$K19="Tidak ada"),"",IF(OR($P19="",$H19=""),"",EXP(-$P19/$H19*100/Panduan_W6!$B$10))) | AG19: =IF($Q19="","",IF($Q19="Tidak",1,0)) | AH19: =IF(ISNUMBER(AC19),Panduan_W6!$B$4,0)+IF(ISNUMBER(AD19),Panduan_W6!$B$5,0)+IF(ISNUMBER(AE19),Panduan_W6!$B$6,0)+IF(ISNUMBER(AF19),Panduan_W6!$B$7,0)+IF(ISNUMBER(AG19),Panduan_W6!$B$8,0) | AI19: =IF(LEFT(AJ19,7)<>"Lengkap","",IF(AJ19="Lengkap (gang)",AG19,(IF(ISNUMBER(AC19),Panduan_W6!$B$4*AC19,0)+IF(ISNUMBER(AD19),Panduan_W6!$B$5*AD19,0)+IF(ISNUMBER(AE19),Panduan_W6!$B$6*AE19,0)+IF(ISNUMBER(AF19),Panduan_W6!$B$7*AF19,0)+IF(ISNUMBER(AG19),Panduan_W6!$B$8*AG19,0))/AH19)) | AJ19: =IF(AND(Panduan_W6!$B$11="Ya",$I19="Gang",$J19="Sepi"),IF(ISNUMBER(AG19),"Lengkap (gang)","Belum lengkap"),IF(AND(ISNUMBER(AC19),ISNUMBER(AD19),ISNUMBER(AE19),ISNUMBER(AG19),OR(ISNUMBER(AF19),$K19="Tidak ada")),"Lengkap","Belum lengkap"))
A20: RUAS-019 | B20: Day 1 | C20: KWS-11 | D20: Theo | E20: 2026-08-16 | F20: 16:58 | G20: Jl Ringroad Utara km 15 | H20: 132.9 | I20: Jalan raya | J20: Sedang | K20: Ada | L20: 1.15 | M20: 5.25 | N20: 73.3 | O20: akar pohon dan tiang listrik | P20: 7 | Q20: Tidak | R20: 0 | S20: 0 | T20: 3 | U20: 0 | V20: 19.37 | W20: Di bawah 25 persen | X20: 141 | Y20: 1 | Z20: cukup untuk jalan saja namun tidak baik untuk orang yang punya kekurangan dalam berjalan | AA20: 2 | AB20: 0.94 | AC20: =IF($K20="","",IF($K20="Ada",1,IF($K20="Sebagian",0.5,0))) | AD20: =IF($K20="","",IF($K20="Tidak ada",0,IF($L20="","",MIN($L20/Panduan_W6!$B$9,1)))) | AE20: =IF($K20="","",IF($K20="Tidak ada",0,IF(OR($N20="",$H20=""),"",MAX(0,1-$N20/$H20)))) | AF20: =IF(OR($K20="",$K20="Tidak ada"),"",IF(OR($P20="",$H20=""),"",EXP(-$P20/$H20*100/Panduan_W6!$B$10))) | AG20: =IF($Q20="","",IF($Q20="Tidak",1,0)) | AH20: =IF(ISNUMBER(AC20),Panduan_W6!$B$4,0)+IF(ISNUMBER(AD20),Panduan_W6!$B$5,0)+IF(ISNUMBER(AE20),Panduan_W6!$B$6,0)+IF(ISNUMBER(AF20),Panduan_W6!$B$7,0)+IF(ISNUMBER(AG20),Panduan_W6!$B$8,0) | AI20: =IF(LEFT(AJ20,7)<>"Lengkap","",IF(AJ20="Lengkap (gang)",AG20,(IF(ISNUMBER(AC20),Panduan_W6!$B$4*AC20,0)+IF(ISNUMBER(AD20),Panduan_W6!$B$5*AD20,0)+IF(ISNUMBER(AE20),Panduan_W6!$B$6*AE20,0)+IF(ISNUMBER(AF20),Panduan_W6!$B$7*AF20,0)+IF(ISNUMBER(AG20),Panduan_W6!$B$8*AG20,0))/AH20)) | AJ20: =IF(AND(Panduan_W6!$B$11="Ya",$I20="Gang",$J20="Sepi"),IF(ISNUMBER(AG20),"Lengkap (gang)","Belum lengkap"),IF(AND(ISNUMBER(AC20),ISNUMBER(AD20),ISNUMBER(AE20),ISNUMBER(AG20),OR(ISNUMBER(AF20),$K20="Tidak ada")),"Lengkap","Belum lengkap"))
A21: RUAS-020 | B21: Day 1 | C21: KWS-04 | D21: Devon | E21: 2026-08-16 | F21: 17:02 | G21: Jl. Stadion | H21: 160 | I21: Jalan raya | J21: Sedang | K21: Ada | L21: 1.2 | M21: 12 | N21: 0.5 | O21: jalan, paving lepas | P21: 13 | Q21: Ya | R21: 0 | S21: 0 | T21: 5 | U21: 0 | V21: 20 | W21: Nihil | X21: 158 | Y21: 1 | Z21: trotoar banyak yang rusak, ada bagian yang tidak dapat dilewati karena rusak | AA21: 4 | AB21: 1.01 | AC21: =IF($K21="","",IF($K21="Ada",1,IF($K21="Sebagian",0.5,0))) | AD21: =IF($K21="","",IF($K21="Tidak ada",0,IF($L21="","",MIN($L21/Panduan_W6!$B$9,1)))) | AE21: =IF($K21="","",IF($K21="Tidak ada",0,IF(OR($N21="",$H21=""),"",MAX(0,1-$N21/$H21)))) | AF21: =IF(OR($K21="",$K21="Tidak ada"),"",IF(OR($P21="",$H21=""),"",EXP(-$P21/$H21*100/Panduan_W6!$B$10))) | AG21: =IF($Q21="","",IF($Q21="Tidak",1,0)) | AH21: =IF(ISNUMBER(AC21),Panduan_W6!$B$4,0)+IF(ISNUMBER(AD21),Panduan_W6!$B$5,0)+IF(ISNUMBER(AE21),Panduan_W6!$B$6,0)+IF(ISNUMBER(AF21),Panduan_W6!$B$7,0)+IF(ISNUMBER(AG21),Panduan_W6!$B$8,0) | AI21: =IF(LEFT(AJ21,7)<>"Lengkap","",IF(AJ21="Lengkap (gang)",AG21,(IF(ISNUMBER(AC21),Panduan_W6!$B$4*AC21,0)+IF(ISNUMBER(AD21),Panduan_W6!$B$5*AD21,0)+IF(ISNUMBER(AE21),Panduan_W6!$B$6*AE21,0)+IF(ISNUMBER(AF21),Panduan_W6!$B$7*AF21,0)+IF(ISNUMBER(AG21),Panduan_W6!$B$8*AG21,0))/AH21)) | AJ21: =IF(AND(Panduan_W6!$B$11="Ya",$I21="Gang",$J21="Sepi"),IF(ISNUMBER(AG21),"Lengkap (gang)","Belum lengkap"),IF(AND(ISNUMBER(AC21),ISNUMBER(AD21),ISNUMBER(AE21),ISNUMBER(AG21),OR(ISNUMBER(AF21),$K21="Tidak ada")),"Lengkap","Belum lengkap"))
A22: RUAS-021 | B22: Day 1 | C22: KWS-04 | D22: Delon | E22: 2026-08-16 | F22: 17:59 | G22: Jl. Raya Tajem | H22: 110 | I22: Jalan raya | J22: Ramai | K22: Tidak ada | L22: 0 | M22: 10 | N22: 0 | O22: mobil dan motor parkir | P22: 0 | Q22: Ya | R22: 0 | S22: 0 | T22: 0 | U22: 0 | V22: 0 | W22: Nihil | X22: 195 | Z22: tidak ada trotoar, area pejalan kaki banyak tertutup kendaraan, tidan ada lampu di sisi timur, tidak ada pohon | AA22: 4 | AB22: 0.56 | AC22: =IF($K22="","",IF($K22="Ada",1,IF($K22="Sebagian",0.5,0))) | AD22: =IF($K22="","",IF($K22="Tidak ada",0,IF($L22="","",MIN($L22/Panduan_W6!$B$9,1)))) | AE22: =IF($K22="","",IF($K22="Tidak ada",0,IF(OR($N22="",$H22=""),"",MAX(0,1-$N22/$H22)))) | AF22: =IF(OR($K22="",$K22="Tidak ada"),"",IF(OR($P22="",$H22=""),"",EXP(-$P22/$H22*100/Panduan_W6!$B$10))) | AG22: =IF($Q22="","",IF($Q22="Tidak",1,0)) | AH22: =IF(ISNUMBER(AC22),Panduan_W6!$B$4,0)+IF(ISNUMBER(AD22),Panduan_W6!$B$5,0)+IF(ISNUMBER(AE22),Panduan_W6!$B$6,0)+IF(ISNUMBER(AF22),Panduan_W6!$B$7,0)+IF(ISNUMBER(AG22),Panduan_W6!$B$8,0) | AI22: =IF(LEFT(AJ22,7)<>"Lengkap","",IF(AJ22="Lengkap (gang)",AG22,(IF(ISNUMBER(AC22),Panduan_W6!$B$4*AC22,0)+IF(ISNUMBER(AD22),Panduan_W6!$B$5*AD22,0)+IF(ISNUMBER(AE22),Panduan_W6!$B$6*AE22,0)+IF(ISNUMBER(AF22),Panduan_W6!$B$7*AF22,0)+IF(ISNUMBER(AG22),Panduan_W6!$B$8*AG22,0))/AH22)) | AJ22: =IF(AND(Panduan_W6!$B$11="Ya",$I22="Gang",$J22="Sepi"),IF(ISNUMBER(AG22),"Lengkap (gang)","Belum lengkap"),IF(AND(ISNUMBER(AC22),ISNUMBER(AD22),ISNUMBER(AE22),ISNUMBER(AG22),OR(ISNUMBER(AF22),$K22="Tidak ada")),"Lengkap","Belum lengkap"))
A23: RUAS-022 | B23: Day 2 | C23: KWS-07 | D23: Andalan | E23: 2026-08-17 | F23: 08:33 | G23: Gg. Pucung Baru 1, Depok | H23: 110 | I23: Gang | J23: Sepi | K23: Tidak ada | L23: 0 | M23: 4 | N23: 0 | O23: tidak ada | P23: 0 | Q23: Ya | R23: 0 | S23: 0 | T23: 3 | U23: 0 | V23: 35 | W23: 25 sampai 50 persen | X23: 74 | Y23: 1 | Z23: cukup rindang, gang nya ada kos mewah, tinggi maks kendaraan sekitar 2.2 m | AA23: 1 | AB23: 1.49 | AC23: =IF($K23="","",IF($K23="Ada",1,IF($K23="Sebagian",0.5,0))) | AD23: =IF($K23="","",IF($K23="Tidak ada",0,IF($L23="","",MIN($L23/Panduan_W6!$B$9,1)))) | AE23: =IF($K23="","",IF($K23="Tidak ada",0,IF(OR($N23="",$H23=""),"",MAX(0,1-$N23/$H23)))) | AF23: =IF(OR($K23="",$K23="Tidak ada"),"",IF(OR($P23="",$H23=""),"",EXP(-$P23/$H23*100/Panduan_W6!$B$10))) | AG23: =IF($Q23="","",IF($Q23="Tidak",1,0)) | AH23: =IF(ISNUMBER(AC23),Panduan_W6!$B$4,0)+IF(ISNUMBER(AD23),Panduan_W6!$B$5,0)+IF(ISNUMBER(AE23),Panduan_W6!$B$6,0)+IF(ISNUMBER(AF23),Panduan_W6!$B$7,0)+IF(ISNUMBER(AG23),Panduan_W6!$B$8,0) | AI23: =IF(LEFT(AJ23,7)<>"Lengkap","",IF(AJ23="Lengkap (gang)",AG23,(IF(ISNUMBER(AC23),Panduan_W6!$B$4*AC23,0)+IF(ISNUMBER(AD23),Panduan_W6!$B$5*AD23,0)+IF(ISNUMBER(AE23),Panduan_W6!$B$6*AE23,0)+IF(ISNUMBER(AF23),Panduan_W6!$B$7*AF23,0)+IF(ISNUMBER(AG23),Panduan_W6!$B$8*AG23,0))/AH23)) | AJ23: =IF(AND(Panduan_W6!$B$11="Ya",$I23="Gang",$J23="Sepi"),IF(ISNUMBER(AG23),"Lengkap (gang)","Belum lengkap"),IF(AND(ISNUMBER(AC23),ISNUMBER(AD23),ISNUMBER(AE23),ISNUMBER(AG23),OR(ISNUMBER(AF23),$K23="Tidak ada")),"Lengkap","Belum lengkap"))
A24: RUAS-023 | B24: Day 2 | C24: KWS-07 | D24: Theo | E24: 2026-08-17 | F24: 08:46 | G24: Jl. Ringroad Utara | H24: 180.68 | I24: Jalan raya | J24: Ramai | K24: Sebagian | L24: 1.05 | M24: 10.5 | N24: 104 | O24: tidak ada | P24: 0 | Q24: Ya | R24: 0 | S24: 0 | T24: 3 | U24: 0 | V24: 84 | W24: Di bawah 25 persen | X24: 185 | Y24: 1 | Z24: jalanan cukup baik namun trotoar hany untuk masuk ke rumah sakit saja tidak untuk spenih jalan | AA24: 3 | AB24: 0.98 | AC24: =IF($K24="","",IF($K24="Ada",1,IF($K24="Sebagian",0.5,0))) | AD24: =IF($K24="","",IF($K24="Tidak ada",0,IF($L24="","",MIN($L24/Panduan_W6!$B$9,1)))) | AE24: =IF($K24="","",IF($K24="Tidak ada",0,IF(OR($N24="",$H24=""),"",MAX(0,1-$N24/$H24)))) | AF24: =IF(OR($K24="",$K24="Tidak ada"),"",IF(OR($P24="",$H24=""),"",EXP(-$P24/$H24*100/Panduan_W6!$B$10))) | AG24: =IF($Q24="","",IF($Q24="Tidak",1,0)) | AH24: =IF(ISNUMBER(AC24),Panduan_W6!$B$4,0)+IF(ISNUMBER(AD24),Panduan_W6!$B$5,0)+IF(ISNUMBER(AE24),Panduan_W6!$B$6,0)+IF(ISNUMBER(AF24),Panduan_W6!$B$7,0)+IF(ISNUMBER(AG24),Panduan_W6!$B$8,0) | AI24: =IF(LEFT(AJ24,7)<>"Lengkap","",IF(AJ24="Lengkap (gang)",AG24,(IF(ISNUMBER(AC24),Panduan_W6!$B$4*AC24,0)+IF(ISNUMBER(AD24),Panduan_W6!$B$5*AD24,0)+IF(ISNUMBER(AE24),Panduan_W6!$B$6*AE24,0)+IF(ISNUMBER(AF24),Panduan_W6!$B$7*AF24,0)+IF(ISNUMBER(AG24),Panduan_W6!$B$8*AG24,0))/AH24)) | AJ24: =IF(AND(Panduan_W6!$B$11="Ya",$I24="Gang",$J24="Sepi"),IF(ISNUMBER(AG24),"Lengkap (gang)","Belum lengkap"),IF(AND(ISNUMBER(AC24),ISNUMBER(AD24),ISNUMBER(AE24),ISNUMBER(AG24),OR(ISNUMBER(AF24),$K24="Tidak ada")),"Lengkap","Belum lengkap"))
A25: RUAS-024 | B25: Day 2 | C25: KWS-07 | D25: Andalan | E25: 2026-08-17 | F25: 09:00 | G25: Gg. Pucung Baru 1, Depok | H25: 140 | I25: Gang | J25: Sepi | K25: Tidak ada | L25: 0 | M25: 4 | N25: 0 | O25: tidak ada | P25: 1 | Q25: Ya | R25: 0 | S25: 0 | T25: 3 | U25: 0 | V25: 90 | W25: 25 sampai 50 persen | X25: 96 | Y25: 3 | Z25: masih di gang yang sama (masuk lebih dalam), ternyata banyak kos eksklusif (ada 4) seperti kos mewah gitu. ada asrama dan tanah dijual juga. hawanya juga rindang krn byk penghijauan | AA25: 1 | AB25: 1.46 | AC25: =IF($K25="","",IF($K25="Ada",1,IF($K25="Sebagian",0.5,0))) | AD25: =IF($K25="","",IF($K25="Tidak ada",0,IF($L25="","",MIN($L25/Panduan_W6!$B$9,1)))) | AE25: =IF($K25="","",IF($K25="Tidak ada",0,IF(OR($N25="",$H25=""),"",MAX(0,1-$N25/$H25)))) | AF25: =IF(OR($K25="",$K25="Tidak ada"),"",IF(OR($P25="",$H25=""),"",EXP(-$P25/$H25*100/Panduan_W6!$B$10))) | AG25: =IF($Q25="","",IF($Q25="Tidak",1,0)) | AH25: =IF(ISNUMBER(AC25),Panduan_W6!$B$4,0)+IF(ISNUMBER(AD25),Panduan_W6!$B$5,0)+IF(ISNUMBER(AE25),Panduan_W6!$B$6,0)+IF(ISNUMBER(AF25),Panduan_W6!$B$7,0)+IF(ISNUMBER(AG25),Panduan_W6!$B$8,0) | AI25: =IF(LEFT(AJ25,7)<>"Lengkap","",IF(AJ25="Lengkap (gang)",AG25,(IF(ISNUMBER(AC25),Panduan_W6!$B$4*AC25,0)+IF(ISNUMBER(AD25),Panduan_W6!$B$5*AD25,0)+IF(ISNUMBER(AE25),Panduan_W6!$B$6*AE25,0)+IF(ISNUMBER(AF25),Panduan_W6!$B$7*AF25,0)+IF(ISNUMBER(AG25),Panduan_W6!$B$8*AG25,0))/AH25)) | AJ25: =IF(AND(Panduan_W6!$B$11="Ya",$I25="Gang",$J25="Sepi"),IF(ISNUMBER(AG25),"Lengkap (gang)","Belum lengkap"),IF(AND(ISNUMBER(AC25),ISNUMBER(AD25),ISNUMBER(AE25),ISNUMBER(AG25),OR(ISNUMBER(AF25),$K25="Tidak ada")),"Lengkap","Belum lengkap"))
A26: RUAS-025 | B26: Day 2 | C26: KWS-07 | D26: Theo | E26: 2026-08-17 | F26: 09:26 | G26: Jl.Ringroad Utara ( arah sebaliknya) | H26: 180.78 | I26: Jalan raya | J26: Ramai | K26: Tidak ada | L26: 0 | M26: 10.47 | N26: 0 | O26: tidak ada | P26: 0 | Q26: Ya | R26: 0 | S26: 0 | T26: 3 | U26: 0 | V26: 85 | W26: Di bawah 25 persen | X26: 179 | Y26: 2 | AA26: 3 | AB26: 1.01 | AC26: =IF($K26="","",IF($K26="Ada",1,IF($K26="Sebagian",0.5,0))) | AD26: =IF($K26="","",IF($K26="Tidak ada",0,IF($L26="","",MIN($L26/Panduan_W6!$B$9,1)))) | AE26: =IF($K26="","",IF($K26="Tidak ada",0,IF(OR($N26="",$H26=""),"",MAX(0,1-$N26/$H26)))) | AF26: =IF(OR($K26="",$K26="Tidak ada"),"",IF(OR($P26="",$H26=""),"",EXP(-$P26/$H26*100/Panduan_W6!$B$10))) | AG26: =IF($Q26="","",IF($Q26="Tidak",1,0)) | AH26: =IF(ISNUMBER(AC26),Panduan_W6!$B$4,0)+IF(ISNUMBER(AD26),Panduan_W6!$B$5,0)+IF(ISNUMBER(AE26),Panduan_W6!$B$6,0)+IF(ISNUMBER(AF26),Panduan_W6!$B$7,0)+IF(ISNUMBER(AG26),Panduan_W6!$B$8,0) | AI26: =IF(LEFT(AJ26,7)<>"Lengkap","",IF(AJ26="Lengkap (gang)",AG26,(IF(ISNUMBER(AC26),Panduan_W6!$B$4*AC26,0)+IF(ISNUMBER(AD26),Panduan_W6!$B$5*AD26,0)+IF(ISNUMBER(AE26),Panduan_W6!$B$6*AE26,0)+IF(ISNUMBER(AF26),Panduan_W6!$B$7*AF26,0)+IF(ISNUMBER(AG26),Panduan_W6!$B$8*AG26,0))/AH26)) | AJ26: =IF(AND(Panduan_W6!$B$11="Ya",$I26="Gang",$J26="Sepi"),IF(ISNUMBER(AG26),"Lengkap (gang)","Belum lengkap"),IF(AND(ISNUMBER(AC26),ISNUMBER(AD26),ISNUMBER(AE26),ISNUMBER(AG26),OR(ISNUMBER(AF26),$K26="Tidak ada")),"Lengkap","Belum lengkap"))
A27: RUAS-026 | B27: Day 2 | C27: KWS-07 | D27: Andalan | E27: 2026-08-17 | F27: 09:39 | G27: Gg. Pucung Baru 2, Depok | H27: 220 | I27: Gang | J27: Sepi | K27: Tidak ada | L27: 0 | M27: 4 | N27: 0 | O27: asap bakar sampah | P27: 1 | Q27: Ya | R27: 0 | S27: 0 | T27: 8 | U27: 1 | V27: 30 | W27: 25 sampai 50 persen | X27: 198 | Y27: 3 | Z27: ada rumah terbengkalai, di sampingnya langsung jurang/hutan, pembakaran sampah, dekat kantor padukuhan ngropoh | AA27: 1 | AB27: 1.11 | AC27: =IF($K27="","",IF($K27="Ada",1,IF($K27="Sebagian",0.5,0))) | AD27: =IF($K27="","",IF($K27="Tidak ada",0,IF($L27="","",MIN($L27/Panduan_W6!$B$9,1)))) | AE27: =IF($K27="","",IF($K27="Tidak ada",0,IF(OR($N27="",$H27=""),"",MAX(0,1-$N27/$H27)))) | AF27: =IF(OR($K27="",$K27="Tidak ada"),"",IF(OR($P27="",$H27=""),"",EXP(-$P27/$H27*100/Panduan_W6!$B$10))) | AG27: =IF($Q27="","",IF($Q27="Tidak",1,0)) | AH27: =IF(ISNUMBER(AC27),Panduan_W6!$B$4,0)+IF(ISNUMBER(AD27),Panduan_W6!$B$5,0)+IF(ISNUMBER(AE27),Panduan_W6!$B$6,0)+IF(ISNUMBER(AF27),Panduan_W6!$B$7,0)+IF(ISNUMBER(AG27),Panduan_W6!$B$8,0) | AI27: =IF(LEFT(AJ27,7)<>"Lengkap","",IF(AJ27="Lengkap (gang)",AG27,(IF(ISNUMBER(AC27),Panduan_W6!$B$4*AC27,0)+IF(ISNUMBER(AD27),Panduan_W6!$B$5*AD27,0)+IF(ISNUMBER(AE27),Panduan_W6!$B$6*AE27,0)+IF(ISNUMBER(AF27),Panduan_W6!$B$7*AF27,0)+IF(ISNUMBER(AG27),Panduan_W6!$B$8*AG27,0))/AH27)) | AJ27: =IF(AND(Panduan_W6!$B$11="Ya",$I27="Gang",$J27="Sepi"),IF(ISNUMBER(AG27),"Lengkap (gang)","Belum lengkap"),IF(AND(ISNUMBER(AC27),ISNUMBER(AD27),ISNUMBER(AE27),ISNUMBER(AG27),OR(ISNUMBER(AF27),$K27="Tidak ada")),"Lengkap","Belum lengkap"))
A28: RUAS-027 | B28: Day 2 | C28: KWS-07 | D28: Theo | E28: 2026-08-17 | F28: 09:51 | G28: Jl kaliwaru | H28: 229 | I28: Jalan kecil | J28: Sepi | K28: Tidak ada | M28: 3.7 | N28: 0 | O28: tidak ada | P28: 0 | Q28: Ya | R28: 0 | S28: 0 | T28: 4 | U28: 0 | V28: 40.79 | W28: Di bawah 25 persen | X28: 208 | Y28: 1 | Z28: jalan bagus Eko nya juga bagus | AA28: 1.5 | AB28: 1.1 | AC28: =IF($K28="","",IF($K28="Ada",1,IF($K28="Sebagian",0.5,0))) | AD28: =IF($K28="","",IF($K28="Tidak ada",0,IF($L28="","",MIN($L28/Panduan_W6!$B$9,1)))) | AE28: =IF($K28="","",IF($K28="Tidak ada",0,IF(OR($N28="",$H28=""),"",MAX(0,1-$N28/$H28)))) | AF28: =IF(OR($K28="",$K28="Tidak ada"),"",IF(OR($P28="",$H28=""),"",EXP(-$P28/$H28*100/Panduan_W6!$B$10))) | AG28: =IF($Q28="","",IF($Q28="Tidak",1,0)) | AH28: =IF(ISNUMBER(AC28),Panduan_W6!$B$4,0)+IF(ISNUMBER(AD28),Panduan_W6!$B$5,0)+IF(ISNUMBER(AE28),Panduan_W6!$B$6,0)+IF(ISNUMBER(AF28),Panduan_W6!$B$7,0)+IF(ISNUMBER(AG28),Panduan_W6!$B$8,0) | AI28: =IF(LEFT(AJ28,7)<>"Lengkap","",IF(AJ28="Lengkap (gang)",AG28,(IF(ISNUMBER(AC28),Panduan_W6!$B$4*AC28,0)+IF(ISNUMBER(AD28),Panduan_W6!$B$5*AD28,0)+IF(ISNUMBER(AE28),Panduan_W6!$B$6*AE28,0)+IF(ISNUMBER(AF28),Panduan_W6!$B$7*AF28,0)+IF(ISNUMBER(AG28),Panduan_W6!$B$8*AG28,0))/AH28)) | AJ28: =IF(AND(Panduan_W6!$B$11="Ya",$I28="Gang",$J28="Sepi"),IF(ISNUMBER(AG28),"Lengkap (gang)","Belum lengkap"),IF(AND(ISNUMBER(AC28),ISNUMBER(AD28),ISNUMBER(AE28),ISNUMBER(AG28),OR(ISNUMBER(AF28),$K28="Tidak ada")),"Lengkap","Belum lengkap"))
A29: RUAS-028 | B29: Day 2 | C29: KWS-08 | D29: Devon | E29: 2026-08-17 | F29: 10:03 | G29: Jl. Tajem Baru | H29: 82 | I29: Gang | J29: Sepi | K29: Tidak ada | L29: 0 | M29: 3 | N29: 0 | O29: tidak ada | P29: 0 | Q29: Ya | R29: 0 | S29: 0 | T29: 1 | U29: 0 | V29: 0 | W29: Di bawah 25 persen | X29: 84 | Y29: 2 | AA29: 1 | AB29: 0.98 | AC29: =IF($K29="","",IF($K29="Ada",1,IF($K29="Sebagian",0.5,0))) | AD29: =IF($K29="","",IF($K29="Tidak ada",0,IF($L29="","",MIN($L29/Panduan_W6!$B$9,1)))) | AE29: =IF($K29="","",IF($K29="Tidak ada",0,IF(OR($N29="",$H29=""),"",MAX(0,1-$N29/$H29)))) | AF29: =IF(OR($K29="",$K29="Tidak ada"),"",IF(OR($P29="",$H29=""),"",EXP(-$P29/$H29*100/Panduan_W6!$B$10))) | AG29: =IF($Q29="","",IF($Q29="Tidak",1,0)) | AH29: =IF(ISNUMBER(AC29),Panduan_W6!$B$4,0)+IF(ISNUMBER(AD29),Panduan_W6!$B$5,0)+IF(ISNUMBER(AE29),Panduan_W6!$B$6,0)+IF(ISNUMBER(AF29),Panduan_W6!$B$7,0)+IF(ISNUMBER(AG29),Panduan_W6!$B$8,0) | AI29: =IF(LEFT(AJ29,7)<>"Lengkap","",IF(AJ29="Lengkap (gang)",AG29,(IF(ISNUMBER(AC29),Panduan_W6!$B$4*AC29,0)+IF(ISNUMBER(AD29),Panduan_W6!$B$5*AD29,0)+IF(ISNUMBER(AE29),Panduan_W6!$B$6*AE29,0)+IF(ISNUMBER(AF29),Panduan_W6!$B$7*AF29,0)+IF(ISNUMBER(AG29),Panduan_W6!$B$8*AG29,0))/AH29)) | AJ29: =IF(AND(Panduan_W6!$B$11="Ya",$I29="Gang",$J29="Sepi"),IF(ISNUMBER(AG29),"Lengkap (gang)","Belum lengkap"),IF(AND(ISNUMBER(AC29),ISNUMBER(AD29),ISNUMBER(AE29),ISNUMBER(AG29),OR(ISNUMBER(AF29),$K29="Tidak ada")),"Lengkap","Belum lengkap"))
A30: RUAS-029 | B30: Day 2 | C30: KWS-08 | D30: Devon | E30: 2026-08-17 | F30: 10:10 | G30: Gg. Melati Jl. Tajem | H30: 163 | I30: Gang | J30: Sepi | K30: Tidak ada | L30: 0 | M30: 3 | N30: 0 | O30: tidak ada | P30: 0 | Q30: Ya | R30: 0 | S30: 0 | T30: 3 | U30: 0 | V30: 30 | W30: Di bawah 25 persen | X30: 150 | Y30: 4 | Z30: KOREKSI 2026-09-08 (disetujui pemilik repo): entri asli Lebar Jalan=0,0 dan Lebar Trotoar=3,0 saling tertukar. Lebar 0 m mustahil untuk gang yang muat satu mobil; 3,0 m wajar sebagai lebar gang, tidak wajar sebagai trotoar gang. W-6 tetap 0,0 karena Trotoar='Tidak ada'. Yang terpengaruh hanya W-5 tekanan lalu lintas. | AA30: 1 | AB30: 1.09 | AC30: =IF($K30="","",IF($K30="Ada",1,IF($K30="Sebagian",0.5,0))) | AD30: =IF($K30="","",IF($K30="Tidak ada",0,IF($L30="","",MIN($L30/Panduan_W6!$B$9,1)))) | AE30: =IF($K30="","",IF($K30="Tidak ada",0,IF(OR($N30="",$H30=""),"",MAX(0,1-$N30/$H30)))) | AF30: =IF(OR($K30="",$K30="Tidak ada"),"",IF(OR($P30="",$H30=""),"",EXP(-$P30/$H30*100/Panduan_W6!$B$10))) | AG30: =IF($Q30="","",IF($Q30="Tidak",1,0)) | AH30: =IF(ISNUMBER(AC30),Panduan_W6!$B$4,0)+IF(ISNUMBER(AD30),Panduan_W6!$B$5,0)+IF(ISNUMBER(AE30),Panduan_W6!$B$6,0)+IF(ISNUMBER(AF30),Panduan_W6!$B$7,0)+IF(ISNUMBER(AG30),Panduan_W6!$B$8,0) | AI30: =IF(LEFT(AJ30,7)<>"Lengkap","",IF(AJ30="Lengkap (gang)",AG30,(IF(ISNUMBER(AC30),Panduan_W6!$B$4*AC30,0)+IF(ISNUMBER(AD30),Panduan_W6!$B$5*AD30,0)+IF(ISNUMBER(AE30),Panduan_W6!$B$6*AE30,0)+IF(ISNUMBER(AF30),Panduan_W6!$B$7*AF30,0)+IF(ISNUMBER(AG30),Panduan_W6!$B$8*AG30,0))/AH30)) | AJ30: =IF(AND(Panduan_W6!$B$11="Ya",$I30="Gang",$J30="Sepi"),IF(ISNUMBER(AG30),"Lengkap (gang)","Belum lengkap"),IF(AND(ISNUMBER(AC30),ISNUMBER(AD30),ISNUMBER(AE30),ISNUMBER(AG30),OR(ISNUMBER(AF30),$K30="Tidak ada")),"Lengkap","Belum lengkap"))
A31: RUAS-030 | B31: Day 2 | C31: KWS-03 | D31: Andalan | E31: 2026-08-17 | F31: 10:40 | G31: Jl. Padjajaran depan UPN persis | H31: 220 | I31: Jalan kecil | J31: Sedang | K31: Tidak ada | L31: 0 | M31: 4 | N31: 0 | O31: tidak ada | P31: 1 | Q31: Ya | R31: 0 | S31: 0 | T31: 4 | U31: 0 | V31: 50 | W31: Di atas 50 persen | X31: 129 | Y31: 5 | Z31: rame, jalan pejalan kaki dibagi jadi aspal sama tanah. yang tanah full ditutupi pohon. gaada trotoar. | AA31: 1 | AB31: 1.71 | AC31: =IF($K31="","",IF($K31="Ada",1,IF($K31="Sebagian",0.5,0))) | AD31: =IF($K31="","",IF($K31="Tidak ada",0,IF($L31="","",MIN($L31/Panduan_W6!$B$9,1)))) | AE31: =IF($K31="","",IF($K31="Tidak ada",0,IF(OR($N31="",$H31=""),"",MAX(0,1-$N31/$H31)))) | AF31: =IF(OR($K31="",$K31="Tidak ada"),"",IF(OR($P31="",$H31=""),"",EXP(-$P31/$H31*100/Panduan_W6!$B$10))) | AG31: =IF($Q31="","",IF($Q31="Tidak",1,0)) | AH31: =IF(ISNUMBER(AC31),Panduan_W6!$B$4,0)+IF(ISNUMBER(AD31),Panduan_W6!$B$5,0)+IF(ISNUMBER(AE31),Panduan_W6!$B$6,0)+IF(ISNUMBER(AF31),Panduan_W6!$B$7,0)+IF(ISNUMBER(AG31),Panduan_W6!$B$8,0) | AI31: =IF(LEFT(AJ31,7)<>"Lengkap","",IF(AJ31="Lengkap (gang)",AG31,(IF(ISNUMBER(AC31),Panduan_W6!$B$4*AC31,0)+IF(ISNUMBER(AD31),Panduan_W6!$B$5*AD31,0)+IF(ISNUMBER(AE31),Panduan_W6!$B$6*AE31,0)+IF(ISNUMBER(AF31),Panduan_W6!$B$7*AF31,0)+IF(ISNUMBER(AG31),Panduan_W6!$B$8*AG31,0))/AH31)) | AJ31: =IF(AND(Panduan_W6!$B$11="Ya",$I31="Gang",$J31="Sepi"),IF(ISNUMBER(AG31),"Lengkap (gang)","Belum lengkap"),IF(AND(ISNUMBER(AC31),ISNUMBER(AD31),ISNUMBER(AE31),ISNUMBER(AG31),OR(ISNUMBER(AF31),$K31="Tidak ada")),"Lengkap","Belum lengkap"))
A32: RUAS-031 | B32: Day 2 | C32: KWS-08 | D32: Delon | E32: 2026-08-17 | F32: 10:53 | G32: Jl. Raya Tajem | H32: 104 | I32: Jalan raya | J32: Sedang | K32: Ada | L32: 2 | M32: 8 | N32: 18 | O32: tidak ada | P32: 3 | Q32: Ya | R32: 0 | S32: 0 | T32: 3 | U32: 0 | V32: 30 | W32: Nihil | X32: 107 | Y32: 2 | Z32: jalan melebar, memotong area pejalan kaki, area pejalan kaki penuh batu dan pasir | AA32: 4 | AB32: 0.97 | AC32: =IF($K32="","",IF($K32="Ada",1,IF($K32="Sebagian",0.5,0))) | AD32: =IF($K32="","",IF($K32="Tidak ada",0,IF($L32="","",MIN($L32/Panduan_W6!$B$9,1)))) | AE32: =IF($K32="","",IF($K32="Tidak ada",0,IF(OR($N32="",$H32=""),"",MAX(0,1-$N32/$H32)))) | AF32: =IF(OR($K32="",$K32="Tidak ada"),"",IF(OR($P32="",$H32=""),"",EXP(-$P32/$H32*100/Panduan_W6!$B$10))) | AG32: =IF($Q32="","",IF($Q32="Tidak",1,0)) | AH32: =IF(ISNUMBER(AC32),Panduan_W6!$B$4,0)+IF(ISNUMBER(AD32),Panduan_W6!$B$5,0)+IF(ISNUMBER(AE32),Panduan_W6!$B$6,0)+IF(ISNUMBER(AF32),Panduan_W6!$B$7,0)+IF(ISNUMBER(AG32),Panduan_W6!$B$8,0) | AI32: =IF(LEFT(AJ32,7)<>"Lengkap","",IF(AJ32="Lengkap (gang)",AG32,(IF(ISNUMBER(AC32),Panduan_W6!$B$4*AC32,0)+IF(ISNUMBER(AD32),Panduan_W6!$B$5*AD32,0)+IF(ISNUMBER(AE32),Panduan_W6!$B$6*AE32,0)+IF(ISNUMBER(AF32),Panduan_W6!$B$7*AF32,0)+IF(ISNUMBER(AG32),Panduan_W6!$B$8*AG32,0))/AH32)) | AJ32: =IF(AND(Panduan_W6!$B$11="Ya",$I32="Gang",$J32="Sepi"),IF(ISNUMBER(AG32),"Lengkap (gang)","Belum lengkap"),IF(AND(ISNUMBER(AC32),ISNUMBER(AD32),ISNUMBER(AE32),ISNUMBER(AG32),OR(ISNUMBER(AF32),$K32="Tidak ada")),"Lengkap","Belum lengkap"))
A33: RUAS-032 | B33: Day 2 | C33: KWS-08 | D33: Devon | E33: 2026-08-17 | F33: 11:04 | G33: Jl. Kadisoka | H33: 110 | I33: Jalan raya | J33: Ramai | K33: Ada | L33: 1 | M33: 5 | N33: 0 | O33: pedagang kaki lima | P33: 1 | Q33: Ya | R33: 0 | S33: 0 | T33: 0 | U33: 0 | V33: 0 | W33: Di bawah 25 persen | X33: 90 | Y33: 2 | Z33: tidak ramah penalan kaki. Terdapat lobang parit ditengah are jalan. | AA33: 2 | AB33: 1.22 | AC33: =IF($K33="","",IF($K33="Ada",1,IF($K33="Sebagian",0.5,0))) | AD33: =IF($K33="","",IF($K33="Tidak ada",0,IF($L33="","",MIN($L33/Panduan_W6!$B$9,1)))) | AE33: =IF($K33="","",IF($K33="Tidak ada",0,IF(OR($N33="",$H33=""),"",MAX(0,1-$N33/$H33)))) | AF33: =IF(OR($K33="",$K33="Tidak ada"),"",IF(OR($P33="",$H33=""),"",EXP(-$P33/$H33*100/Panduan_W6!$B$10))) | AG33: =IF($Q33="","",IF($Q33="Tidak",1,0)) | AH33: =IF(ISNUMBER(AC33),Panduan_W6!$B$4,0)+IF(ISNUMBER(AD33),Panduan_W6!$B$5,0)+IF(ISNUMBER(AE33),Panduan_W6!$B$6,0)+IF(ISNUMBER(AF33),Panduan_W6!$B$7,0)+IF(ISNUMBER(AG33),Panduan_W6!$B$8,0) | AI33: =IF(LEFT(AJ33,7)<>"Lengkap","",IF(AJ33="Lengkap (gang)",AG33,(IF(ISNUMBER(AC33),Panduan_W6!$B$4*AC33,0)+IF(ISNUMBER(AD33),Panduan_W6!$B$5*AD33,0)+IF(ISNUMBER(AE33),Panduan_W6!$B$6*AE33,0)+IF(ISNUMBER(AF33),Panduan_W6!$B$7*AF33,0)+IF(ISNUMBER(AG33),Panduan_W6!$B$8*AG33,0))/AH33)) | AJ33: =IF(AND(Panduan_W6!$B$11="Ya",$I33="Gang",$J33="Sepi"),IF(ISNUMBER(AG33),"Lengkap (gang)","Belum lengkap"),IF(AND(ISNUMBER(AC33),ISNUMBER(AD33),ISNUMBER(AE33),ISNUMBER(AG33),OR(ISNUMBER(AF33),$K33="Tidak ada")),"Lengkap","Belum lengkap"))
A34: RUAS-033 | B34: Day 2 | C34: KWS-08 | D34: Delon | E34: 2026-08-17 | F34: 11:10 | G34: Jl. Raya Tajem | H34: 125 | I34: Jalan raya | J34: Sedang | K34: Ada | L34: 1 | M34: 10 | N34: 3 | O34: pedagang kaki lima | P34: 0 | Q34: Ya | R34: 0 | S34: 0 | T34: 3 | U34: 0 | V34: 41 | W34: Di bawah 25 persen | X34: 123 | Y34: 2 | Z34: area pejalan kaki cukup untuk 1 orang banyak pertokoan, jalanab ramai melaku kencang, beberapa bagian pejalan tertutup pedagang kaki lima | AA34: 4 | AB34: 1.02 | AC34: =IF($K34="","",IF($K34="Ada",1,IF($K34="Sebagian",0.5,0))) | AD34: =IF($K34="","",IF($K34="Tidak ada",0,IF($L34="","",MIN($L34/Panduan_W6!$B$9,1)))) | AE34: =IF($K34="","",IF($K34="Tidak ada",0,IF(OR($N34="",$H34=""),"",MAX(0,1-$N34/$H34)))) | AF34: =IF(OR($K34="",$K34="Tidak ada"),"",IF(OR($P34="",$H34=""),"",EXP(-$P34/$H34*100/Panduan_W6!$B$10))) | AG34: =IF($Q34="","",IF($Q34="Tidak",1,0)) | AH34: =IF(ISNUMBER(AC34),Panduan_W6!$B$4,0)+IF(ISNUMBER(AD34),Panduan_W6!$B$5,0)+IF(ISNUMBER(AE34),Panduan_W6!$B$6,0)+IF(ISNUMBER(AF34),Panduan_W6!$B$7,0)+IF(ISNUMBER(AG34),Panduan_W6!$B$8,0) | AI34: =IF(LEFT(AJ34,7)<>"Lengkap","",IF(AJ34="Lengkap (gang)",AG34,(IF(ISNUMBER(AC34),Panduan_W6!$B$4*AC34,0)+IF(ISNUMBER(AD34),Panduan_W6!$B$5*AD34,0)+IF(ISNUMBER(AE34),Panduan_W6!$B$6*AE34,0)+IF(ISNUMBER(AF34),Panduan_W6!$B$7*AF34,0)+IF(ISNUMBER(AG34),Panduan_W6!$B$8*AG34,0))/AH34)) | AJ34: =IF(AND(Panduan_W6!$B$11="Ya",$I34="Gang",$J34="Sepi"),IF(ISNUMBER(AG34),"Lengkap (gang)","Belum lengkap"),IF(AND(ISNUMBER(AC34),ISNUMBER(AD34),ISNUMBER(AE34),ISNUMBER(AG34),OR(ISNUMBER(AF34),$K34="Tidak ada")),"Lengkap","Belum lengkap"))
A35: RUAS-034 | B35: Day 2 | C35: KWS-03 | D35: Andalan | E35: 2026-08-17 | F35: 11:27 | G35: Jl. UPN | H35: 140 | I35: Jalan kecil | J35: Sepi | K35: Sebagian | L35: 1 | M35: 3 | N35: 0 | O35: tiang listrik | P35: 2 | Q35: Ya | R35: 0 | S35: 0 | T35: 6 | U35: 0 | V35: 16 | W35: Di bawah 25 persen | X35: 120 | Y35: 2 | Z35: gang persis di samping UPN, ada warmindo dan kos. terhalang bekas bakar sampah, jalannya kecil dan cukup bersampah || KOREKSI 2026-09-08 (disetujui pemilik repo): entri asli Trotoar='Tidak ada' tapi Lebar Trotoar=1,0 m - bertentangan. Diubah jadi 'Sebagian'. DASAR: keputusan pemilik repo, bukan nilai tercatat. PERHATIAN: catatan lapangan di atas menggambarkan gang kecil bersampah yang terhalang bekas bakar sampah, dan kolom 'Pejalan turun ke jalan'='Ya' - keduanya TIDAK mendukung adanya trotoar layak. Perlu ditinjau ulang pencatat. | AA35: 1 | AB35: 1.17 | AC35: =IF($K35="","",IF($K35="Ada",1,IF($K35="Sebagian",0.5,0))) | AD35: =IF($K35="","",IF($K35="Tidak ada",0,IF($L35="","",MIN($L35/Panduan_W6!$B$9,1)))) | AE35: =IF($K35="","",IF($K35="Tidak ada",0,IF(OR($N35="",$H35=""),"",MAX(0,1-$N35/$H35)))) | AF35: =IF(OR($K35="",$K35="Tidak ada"),"",IF(OR($P35="",$H35=""),"",EXP(-$P35/$H35*100/Panduan_W6!$B$10))) | AG35: =IF($Q35="","",IF($Q35="Tidak",1,0)) | AH35: =IF(ISNUMBER(AC35),Panduan_W6!$B$4,0)+IF(ISNUMBER(AD35),Panduan_W6!$B$5,0)+IF(ISNUMBER(AE35),Panduan_W6!$B$6,0)+IF(ISNUMBER(AF35),Panduan_W6!$B$7,0)+IF(ISNUMBER(AG35),Panduan_W6!$B$8,0) | AI35: =IF(LEFT(AJ35,7)<>"Lengkap","",IF(AJ35="Lengkap (gang)",AG35,(IF(ISNUMBER(AC35),Panduan_W6!$B$4*AC35,0)+IF(ISNUMBER(AD35),Panduan_W6!$B$5*AD35,0)+IF(ISNUMBER(AE35),Panduan_W6!$B$6*AE35,0)+IF(ISNUMBER(AF35),Panduan_W6!$B$7*AF35,0)+IF(ISNUMBER(AG35),Panduan_W6!$B$8*AG35,0))/AH35)) | AJ35: =IF(AND(Panduan_W6!$B$11="Ya",$I35="Gang",$J35="Sepi"),IF(ISNUMBER(AG35),"Lengkap (gang)","Belum lengkap"),IF(AND(ISNUMBER(AC35),ISNUMBER(AD35),ISNUMBER(AE35),ISNUMBER(AG35),OR(ISNUMBER(AF35),$K35="Tidak ada")),"Lengkap","Belum lengkap"))
A36: RUAS-035 | B36: Day 2 | C36: KWS-03 | D36: Theo | E36: 2026-08-17 | F36: 11:46 | G36: JL. Padjajaran | H36: 108.7 | I36: Jalan raya | J36: Ramai | K36: Tidak ada | L36: 0 | M36: 12 | N36: 0 | O36: tidak ada | P36: 0 | Q36: Ya | R36: 0 | S36: 0 | T36: 3 | U36: 0 | V36: 44.5 | W36: 25 sampai 50 persen | X36: 105 | Y36: 2 | AA36: 3 | AB36: 1.04 | AC36: =IF($K36="","",IF($K36="Ada",1,IF($K36="Sebagian",0.5,0))) | AD36: =IF($K36="","",IF($K36="Tidak ada",0,IF($L36="","",MIN($L36/Panduan_W6!$B$9,1)))) | AE36: =IF($K36="","",IF($K36="Tidak ada",0,IF(OR($N36="",$H36=""),"",MAX(0,1-$N36/$H36)))) | AF36: =IF(OR($K36="",$K36="Tidak ada"),"",IF(OR($P36="",$H36=""),"",EXP(-$P36/$H36*100/Panduan_W6!$B$10))) | AG36: =IF($Q36="","",IF($Q36="Tidak",1,0)) | AH36: =IF(ISNUMBER(AC36),Panduan_W6!$B$4,0)+IF(ISNUMBER(AD36),Panduan_W6!$B$5,0)+IF(ISNUMBER(AE36),Panduan_W6!$B$6,0)+IF(ISNUMBER(AF36),Panduan_W6!$B$7,0)+IF(ISNUMBER(AG36),Panduan_W6!$B$8,0) | AI36: =IF(LEFT(AJ36,7)<>"Lengkap","",IF(AJ36="Lengkap (gang)",AG36,(IF(ISNUMBER(AC36),Panduan_W6!$B$4*AC36,0)+IF(ISNUMBER(AD36),Panduan_W6!$B$5*AD36,0)+IF(ISNUMBER(AE36),Panduan_W6!$B$6*AE36,0)+IF(ISNUMBER(AF36),Panduan_W6!$B$7*AF36,0)+IF(ISNUMBER(AG36),Panduan_W6!$B$8*AG36,0))/AH36)) | AJ36: =IF(AND(Panduan_W6!$B$11="Ya",$I36="Gang",$J36="Sepi"),IF(ISNUMBER(AG36),"Lengkap (gang)","Belum lengkap"),IF(AND(ISNUMBER(AC36),ISNUMBER(AD36),ISNUMBER(AE36),ISNUMBER(AG36),OR(ISNUMBER(AF36),$K36="Tidak ada")),"Lengkap","Belum lengkap"))
A37: RUAS-036 | B37: Day 2 | C37: KWS-03 | D37: Theo | E37: 2026-08-17 | F37: 12:01 | G37: Jl. perumnas | H37: 193 | I37: Jalan kecil | J37: Ramai | K37: Tidak ada | L37: 0 | M37: 5.6 | N37: 0 | O37: lainnya | P37: 5 | Q37: Ya | R37: 2 | S37: 0 | T37: 4 | U37: 0 | V37: 49.28 | W37: Di bawah 25 persen | X37: 156 | Y37: 2 | AA37: 2 | AB37: 1.24 | AC37: =IF($K37="","",IF($K37="Ada",1,IF($K37="Sebagian",0.5,0))) | AD37: =IF($K37="","",IF($K37="Tidak ada",0,IF($L37="","",MIN($L37/Panduan_W6!$B$9,1)))) | AE37: =IF($K37="","",IF($K37="Tidak ada",0,IF(OR($N37="",$H37=""),"",MAX(0,1-$N37/$H37)))) | AF37: =IF(OR($K37="",$K37="Tidak ada"),"",IF(OR($P37="",$H37=""),"",EXP(-$P37/$H37*100/Panduan_W6!$B$10))) | AG37: =IF($Q37="","",IF($Q37="Tidak",1,0)) | AH37: =IF(ISNUMBER(AC37),Panduan_W6!$B$4,0)+IF(ISNUMBER(AD37),Panduan_W6!$B$5,0)+IF(ISNUMBER(AE37),Panduan_W6!$B$6,0)+IF(ISNUMBER(AF37),Panduan_W6!$B$7,0)+IF(ISNUMBER(AG37),Panduan_W6!$B$8,0) | AI37: =IF(LEFT(AJ37,7)<>"Lengkap","",IF(AJ37="Lengkap (gang)",AG37,(IF(ISNUMBER(AC37),Panduan_W6!$B$4*AC37,0)+IF(ISNUMBER(AD37),Panduan_W6!$B$5*AD37,0)+IF(ISNUMBER(AE37),Panduan_W6!$B$6*AE37,0)+IF(ISNUMBER(AF37),Panduan_W6!$B$7*AF37,0)+IF(ISNUMBER(AG37),Panduan_W6!$B$8*AG37,0))/AH37)) | AJ37: =IF(AND(Panduan_W6!$B$11="Ya",$I37="Gang",$J37="Sepi"),IF(ISNUMBER(AG37),"Lengkap (gang)","Belum lengkap"),IF(AND(ISNUMBER(AC37),ISNUMBER(AD37),ISNUMBER(AE37),ISNUMBER(AG37),OR(ISNUMBER(AF37),$K37="Tidak ada")),"Lengkap","Belum lengkap"))
A38: RUAS-037 | B38: Day 2 | C38: KWS-03 | D38: Theo | E38: 2026-08-17 | F38: 12:10 | G38: JL. upn (bagian belakang) | H38: 85.3 | I38: Jalan kecil | J38: Sepi | K38: Tidak ada | L38: 0 | M38: 3.7 | N38: 0 | O38: tidak ada | P38: 1 | Q38: Ya | R38: 0 | S38: 0 | T38: 0 | U38: 0 | W38: Di atas 50 persen | X38: 65 | Y38: 2 | Z38: lapangan sepak bola luas, gaada lampu, tapi teduh | AA38: 2 | AB38: 1.31 | AC38: =IF($K38="","",IF($K38="Ada",1,IF($K38="Sebagian",0.5,0))) | AD38: =IF($K38="","",IF($K38="Tidak ada",0,IF($L38="","",MIN($L38/Panduan_W6!$B$9,1)))) | AE38: =IF($K38="","",IF($K38="Tidak ada",0,IF(OR($N38="",$H38=""),"",MAX(0,1-$N38/$H38)))) | AF38: =IF(OR($K38="",$K38="Tidak ada"),"",IF(OR($P38="",$H38=""),"",EXP(-$P38/$H38*100/Panduan_W6!$B$10))) | AG38: =IF($Q38="","",IF($Q38="Tidak",1,0)) | AH38: =IF(ISNUMBER(AC38),Panduan_W6!$B$4,0)+IF(ISNUMBER(AD38),Panduan_W6!$B$5,0)+IF(ISNUMBER(AE38),Panduan_W6!$B$6,0)+IF(ISNUMBER(AF38),Panduan_W6!$B$7,0)+IF(ISNUMBER(AG38),Panduan_W6!$B$8,0) | AI38: =IF(LEFT(AJ38,7)<>"Lengkap","",IF(AJ38="Lengkap (gang)",AG38,(IF(ISNUMBER(AC38),Panduan_W6!$B$4*AC38,0)+IF(ISNUMBER(AD38),Panduan_W6!$B$5*AD38,0)+IF(ISNUMBER(AE38),Panduan_W6!$B$6*AE38,0)+IF(ISNUMBER(AF38),Panduan_W6!$B$7*AF38,0)+IF(ISNUMBER(AG38),Panduan_W6!$B$8*AG38,0))/AH38)) | AJ38: =IF(AND(Panduan_W6!$B$11="Ya",$I38="Gang",$J38="Sepi"),IF(ISNUMBER(AG38),"Lengkap (gang)","Belum lengkap"),IF(AND(ISNUMBER(AC38),ISNUMBER(AD38),ISNUMBER(AE38),ISNUMBER(AG38),OR(ISNUMBER(AF38),$K38="Tidak ada")),"Lengkap","Belum lengkap"))
A39: RUAS-038 | B39: Day 2 | C39: KWS-03 | D39: Andalan | E39: 2026-08-17 | F39: 12:13 | G39: lanjutan Jl. UPN RUAS-034 | H39: 140 | I39: Jalan kecil | J39: Sepi | K39: Tidak ada | L39: 0 | M39: 4 | N39: 0 | O39: tidak ada | P39: 2 | Q39: Ya | R39: 0 | S39: 0 | T39: 2 | U39: 0 | V39: 22 | W39: 25 sampai 50 persen | X39: 120 | AA39: 2 | AB39: 1.17 | AC39: =IF($K39="","",IF($K39="Ada",1,IF($K39="Sebagian",0.5,0))) | AD39: =IF($K39="","",IF($K39="Tidak ada",0,IF($L39="","",MIN($L39/Panduan_W6!$B$9,1)))) | AE39: =IF($K39="","",IF($K39="Tidak ada",0,IF(OR($N39="",$H39=""),"",MAX(0,1-$N39/$H39)))) | AF39: =IF(OR($K39="",$K39="Tidak ada"),"",IF(OR($P39="",$H39=""),"",EXP(-$P39/$H39*100/Panduan_W6!$B$10))) | AG39: =IF($Q39="","",IF($Q39="Tidak",1,0)) | AH39: =IF(ISNUMBER(AC39),Panduan_W6!$B$4,0)+IF(ISNUMBER(AD39),Panduan_W6!$B$5,0)+IF(ISNUMBER(AE39),Panduan_W6!$B$6,0)+IF(ISNUMBER(AF39),Panduan_W6!$B$7,0)+IF(ISNUMBER(AG39),Panduan_W6!$B$8,0) | AI39: =IF(LEFT(AJ39,7)<>"Lengkap","",IF(AJ39="Lengkap (gang)",AG39,(IF(ISNUMBER(AC39),Panduan_W6!$B$4*AC39,0)+IF(ISNUMBER(AD39),Panduan_W6!$B$5*AD39,0)+IF(ISNUMBER(AE39),Panduan_W6!$B$6*AE39,0)+IF(ISNUMBER(AF39),Panduan_W6!$B$7*AF39,0)+IF(ISNUMBER(AG39),Panduan_W6!$B$8*AG39,0))/AH39)) | AJ39: =IF(AND(Panduan_W6!$B$11="Ya",$I39="Gang",$J39="Sepi"),IF(ISNUMBER(AG39),"Lengkap (gang)","Belum lengkap"),IF(AND(ISNUMBER(AC39),ISNUMBER(AD39),ISNUMBER(AE39),ISNUMBER(AG39),OR(ISNUMBER(AF39),$K39="Tidak ada")),"Lengkap","Belum lengkap"))
A40: RUAS-039 | B40: Day 2 | C40: KWS-03 | D40: Theo | E40: 2026-08-17 | F40: 12:24 | G40: Jl. Padjadjaran | H40: 108.7 | I40: Jalan raya | J40: Ramai | K40: Tidak ada | L40: 0 | M40: 10.5 | O40: tidak ada | P40: 16 | Q40: Ya | R40: 0 | S40: 0 | T40: 3 | U40: 0 | V40: 44.5 | W40: Di bawah 25 persen | X40: 138 | Y40: 2 | AA40: 3 | AB40: 0.79 | AC40: =IF($K40="","",IF($K40="Ada",1,IF($K40="Sebagian",0.5,0))) | AD40: =IF($K40="","",IF($K40="Tidak ada",0,IF($L40="","",MIN($L40/Panduan_W6!$B$9,1)))) | AE40: =IF($K40="","",IF($K40="Tidak ada",0,IF(OR($N40="",$H40=""),"",MAX(0,1-$N40/$H40)))) | AF40: =IF(OR($K40="",$K40="Tidak ada"),"",IF(OR($P40="",$H40=""),"",EXP(-$P40/$H40*100/Panduan_W6!$B$10))) | AG40: =IF($Q40="","",IF($Q40="Tidak",1,0)) | AH40: =IF(ISNUMBER(AC40),Panduan_W6!$B$4,0)+IF(ISNUMBER(AD40),Panduan_W6!$B$5,0)+IF(ISNUMBER(AE40),Panduan_W6!$B$6,0)+IF(ISNUMBER(AF40),Panduan_W6!$B$7,0)+IF(ISNUMBER(AG40),Panduan_W6!$B$8,0) | AI40: =IF(LEFT(AJ40,7)<>"Lengkap","",IF(AJ40="Lengkap (gang)",AG40,(IF(ISNUMBER(AC40),Panduan_W6!$B$4*AC40,0)+IF(ISNUMBER(AD40),Panduan_W6!$B$5*AD40,0)+IF(ISNUMBER(AE40),Panduan_W6!$B$6*AE40,0)+IF(ISNUMBER(AF40),Panduan_W6!$B$7*AF40,0)+IF(ISNUMBER(AG40),Panduan_W6!$B$8*AG40,0))/AH40)) | AJ40: =IF(AND(Panduan_W6!$B$11="Ya",$I40="Gang",$J40="Sepi"),IF(ISNUMBER(AG40),"Lengkap (gang)","Belum lengkap"),IF(AND(ISNUMBER(AC40),ISNUMBER(AD40),ISNUMBER(AE40),ISNUMBER(AG40),OR(ISNUMBER(AF40),$K40="Tidak ada")),"Lengkap","Belum lengkap"))
A41: RUAS-040 | B41: Day 2 | C41: KWS-12 | D41: Devon | E41: 2026-08-17 | F41: 12:32 | G41: jalan dalam sisi barat Jl. ring road utara | H41: 160 | I41: Gang | J41: Sepi | K41: Tidak ada | L41: 0 | M41: 3.5 | N41: 0 | O41: tidak ada | P41: 0 | Q41: Ya | R41: 0 | S41: 0 | T41: 0 | U41: 0 | V41: 0 | W41: Di atas 50 persen | X41: 164 | Y41: 2 | Z41: nihil lampu jalan. Satu satunya penerangan hanya berasal dari lampu luar rumah warga. Tingkat keteduhan tinggi. Banyak rontokan dedaunan | AA41: 2 | AB41: 0.98 | AC41: =IF($K41="","",IF($K41="Ada",1,IF($K41="Sebagian",0.5,0))) | AD41: =IF($K41="","",IF($K41="Tidak ada",0,IF($L41="","",MIN($L41/Panduan_W6!$B$9,1)))) | AE41: =IF($K41="","",IF($K41="Tidak ada",0,IF(OR($N41="",$H41=""),"",MAX(0,1-$N41/$H41)))) | AF41: =IF(OR($K41="",$K41="Tidak ada"),"",IF(OR($P41="",$H41=""),"",EXP(-$P41/$H41*100/Panduan_W6!$B$10))) | AG41: =IF($Q41="","",IF($Q41="Tidak",1,0)) | AH41: =IF(ISNUMBER(AC41),Panduan_W6!$B$4,0)+IF(ISNUMBER(AD41),Panduan_W6!$B$5,0)+IF(ISNUMBER(AE41),Panduan_W6!$B$6,0)+IF(ISNUMBER(AF41),Panduan_W6!$B$7,0)+IF(ISNUMBER(AG41),Panduan_W6!$B$8,0) | AI41: =IF(LEFT(AJ41,7)<>"Lengkap","",IF(AJ41="Lengkap (gang)",AG41,(IF(ISNUMBER(AC41),Panduan_W6!$B$4*AC41,0)+IF(ISNUMBER(AD41),Panduan_W6!$B$5*AD41,0)+IF(ISNUMBER(AE41),Panduan_W6!$B$6*AE41,0)+IF(ISNUMBER(AF41),Panduan_W6!$B$7*AF41,0)+IF(ISNUMBER(AG41),Panduan_W6!$B$8*AG41,0))/AH41)) | AJ41: =IF(AND(Panduan_W6!$B$11="Ya",$I41="Gang",$J41="Sepi"),IF(ISNUMBER(AG41),"Lengkap (gang)","Belum lengkap"),IF(AND(ISNUMBER(AC41),ISNUMBER(AD41),ISNUMBER(AE41),ISNUMBER(AG41),OR(ISNUMBER(AF41),$K41="Tidak ada")),"Lengkap","Belum lengkap"))
A42: RUAS-041 | B42: Day 2 | C42: KWS-12 | D42: Devon | E42: 2026-08-17 | F42: 13:05 | G42: Jl. Ring Road Utara, Maguwoharjo | H42: 130 | I42: Jalan raya | J42: Ramai | K42: Ada | L42: 1.5 | M42: 20 | N42: 0 | O42: tidak ada | P42: 0 | Q42: Tidak | R42: 0 | S42: 0 | T42: 4 | U42: 0 | V42: 30 | W42: Nihil | X42: 136 | Y42: 2 | AA42: 4 | AB42: 0.96 | AC42: =IF($K42="","",IF($K42="Ada",1,IF($K42="Sebagian",0.5,0))) | AD42: =IF($K42="","",IF($K42="Tidak ada",0,IF($L42="","",MIN($L42/Panduan_W6!$B$9,1)))) | AE42: =IF($K42="","",IF($K42="Tidak ada",0,IF(OR($N42="",$H42=""),"",MAX(0,1-$N42/$H42)))) | AF42: =IF(OR($K42="",$K42="Tidak ada"),"",IF(OR($P42="",$H42=""),"",EXP(-$P42/$H42*100/Panduan_W6!$B$10))) | AG42: =IF($Q42="","",IF($Q42="Tidak",1,0)) | AH42: =IF(ISNUMBER(AC42),Panduan_W6!$B$4,0)+IF(ISNUMBER(AD42),Panduan_W6!$B$5,0)+IF(ISNUMBER(AE42),Panduan_W6!$B$6,0)+IF(ISNUMBER(AF42),Panduan_W6!$B$7,0)+IF(ISNUMBER(AG42),Panduan_W6!$B$8,0) | AI42: =IF(LEFT(AJ42,7)<>"Lengkap","",IF(AJ42="Lengkap (gang)",AG42,(IF(ISNUMBER(AC42),Panduan_W6!$B$4*AC42,0)+IF(ISNUMBER(AD42),Panduan_W6!$B$5*AD42,0)+IF(ISNUMBER(AE42),Panduan_W6!$B$6*AE42,0)+IF(ISNUMBER(AF42),Panduan_W6!$B$7*AF42,0)+IF(ISNUMBER(AG42),Panduan_W6!$B$8*AG42,0))/AH42)) | AJ42: =IF(AND(Panduan_W6!$B$11="Ya",$I42="Gang",$J42="Sepi"),IF(ISNUMBER(AG42),"Lengkap (gang)","Belum lengkap"),IF(AND(ISNUMBER(AC42),ISNUMBER(AD42),ISNUMBER(AE42),ISNUMBER(AG42),OR(ISNUMBER(AF42),$K42="Tidak ada")),"Lengkap","Belum lengkap"))
A43: RUAS-042 | B43: Day 2 | C43: KWS-12 | D43: Devon | E43: 2026-08-17 | F43: 12:58 | G43: Jl. Ring Road Utara, Maguwoharjo | I43: Jalan raya | J43: Ramai | K43: Ada | L43: 1.5 | M43: 20 | N43: 0 | O43: tidak ada | P43: 0 | Q43: Tidak | R43: 0 | S43: 0 | T43: 5 | U43: 1 | V43: 30 | W43: Nihil | X43: 133 | Y43: 2 | Z43: terdapat tiang lampu yang rusak. Sudah bengkok, dan bagian bawahnya di cor untuk mencegah jatuh. | AA43: 4 | AC43: =IF($K43="","",IF($K43="Ada",1,IF($K43="Sebagian",0.5,0))) | AD43: =IF($K43="","",IF($K43="Tidak ada",0,IF($L43="","",MIN($L43/Panduan_W6!$B$9,1)))) | AE43: =IF($K43="","",IF($K43="Tidak ada",0,IF(OR($N43="",$H43=""),"",MAX(0,1-$N43/$H43)))) | AF43: =IF(OR($K43="",$K43="Tidak ada"),"",IF(OR($P43="",$H43=""),"",EXP(-$P43/$H43*100/Panduan_W6!$B$10))) | AG43: =IF($Q43="","",IF($Q43="Tidak",1,0)) | AH43: =IF(ISNUMBER(AC43),Panduan_W6!$B$4,0)+IF(ISNUMBER(AD43),Panduan_W6!$B$5,0)+IF(ISNUMBER(AE43),Panduan_W6!$B$6,0)+IF(ISNUMBER(AF43),Panduan_W6!$B$7,0)+IF(ISNUMBER(AG43),Panduan_W6!$B$8,0) | AI43: =IF(LEFT(AJ43,7)<>"Lengkap","",IF(AJ43="Lengkap (gang)",AG43,(IF(ISNUMBER(AC43),Panduan_W6!$B$4*AC43,0)+IF(ISNUMBER(AD43),Panduan_W6!$B$5*AD43,0)+IF(ISNUMBER(AE43),Panduan_W6!$B$6*AE43,0)+IF(ISNUMBER(AF43),Panduan_W6!$B$7*AF43,0)+IF(ISNUMBER(AG43),Panduan_W6!$B$8*AG43,0))/AH43)) | AJ43: =IF(AND(Panduan_W6!$B$11="Ya",$I43="Gang",$J43="Sepi"),IF(ISNUMBER(AG43),"Lengkap (gang)","Belum lengkap"),IF(AND(ISNUMBER(AC43),ISNUMBER(AD43),ISNUMBER(AE43),ISNUMBER(AG43),OR(ISNUMBER(AF43),$K43="Tidak ada")),"Lengkap","Belum lengkap"))
A44: RUAS-043 | B44: Day 2 | C44: KWS-05 | D44: Theo | E44: 2026-08-17 | F44: 14:13 | G44: Jl.Anggajaya | H44: 102.04 | I44: Jalan raya | J44: Ramai | K44: Tidak ada | L44: 0 | M44: 7.36 | N44: 0 | O44: lainnya | P44: 0 | Q44: Ya | R44: 0 | S44: 0 | T44: 3 | U44: 0 | V44: 32.5 | W44: Di bawah 25 persen | X44: 200 | AA44: 2 | AB44: 0.51 | AC44: =IF($K44="","",IF($K44="Ada",1,IF($K44="Sebagian",0.5,0))) | AD44: =IF($K44="","",IF($K44="Tidak ada",0,IF($L44="","",MIN($L44/Panduan_W6!$B$9,1)))) | AE44: =IF($K44="","",IF($K44="Tidak ada",0,IF(OR($N44="",$H44=""),"",MAX(0,1-$N44/$H44)))) | AF44: =IF(OR($K44="",$K44="Tidak ada"),"",IF(OR($P44="",$H44=""),"",EXP(-$P44/$H44*100/Panduan_W6!$B$10))) | AG44: =IF($Q44="","",IF($Q44="Tidak",1,0)) | AH44: =IF(ISNUMBER(AC44),Panduan_W6!$B$4,0)+IF(ISNUMBER(AD44),Panduan_W6!$B$5,0)+IF(ISNUMBER(AE44),Panduan_W6!$B$6,0)+IF(ISNUMBER(AF44),Panduan_W6!$B$7,0)+IF(ISNUMBER(AG44),Panduan_W6!$B$8,0) | AI44: =IF(LEFT(AJ44,7)<>"Lengkap","",IF(AJ44="Lengkap (gang)",AG44,(IF(ISNUMBER(AC44),Panduan_W6!$B$4*AC44,0)+IF(ISNUMBER(AD44),Panduan_W6!$B$5*AD44,0)+IF(ISNUMBER(AE44),Panduan_W6!$B$6*AE44,0)+IF(ISNUMBER(AF44),Panduan_W6!$B$7*AF44,0)+IF(ISNUMBER(AG44),Panduan_W6!$B$8*AG44,0))/AH44)) | AJ44: =IF(AND(Panduan_W6!$B$11="Ya",$I44="Gang",$J44="Sepi"),IF(ISNUMBER(AG44),"Lengkap (gang)","Belum lengkap"),IF(AND(ISNUMBER(AC44),ISNUMBER(AD44),ISNUMBER(AE44),ISNUMBER(AG44),OR(ISNUMBER(AF44),$K44="Tidak ada")),"Lengkap","Belum lengkap"))
A45: RUAS-044 | B45: Day 2 | C45: KWS-05 | D45: Theo | E45: 2026-08-17 | F45: 14:13 | G45: Jl.Anggajaya III | H45: 195.53 | I45: Jalan raya | J45: Sedang | K45: Tidak ada | L45: 0 | M45: 5.5 | O45: tiang listrik | P45: 1 | Q45: Ya | R45: 0 | S45: 0 | T45: 3 | U45: 0 | V45: 65 | W45: Nihil | X45: 223 | AA45: 3 | AB45: 0.88 | AC45: =IF($K45="","",IF($K45="Ada",1,IF($K45="Sebagian",0.5,0))) | AD45: =IF($K45="","",IF($K45="Tidak ada",0,IF($L45="","",MIN($L45/Panduan_W6!$B$9,1)))) | AE45: =IF($K45="","",IF($K45="Tidak ada",0,IF(OR($N45="",$H45=""),"",MAX(0,1-$N45/$H45)))) | AF45: =IF(OR($K45="",$K45="Tidak ada"),"",IF(OR($P45="",$H45=""),"",EXP(-$P45/$H45*100/Panduan_W6!$B$10))) | AG45: =IF($Q45="","",IF($Q45="Tidak",1,0)) | AH45: =IF(ISNUMBER(AC45),Panduan_W6!$B$4,0)+IF(ISNUMBER(AD45),Panduan_W6!$B$5,0)+IF(ISNUMBER(AE45),Panduan_W6!$B$6,0)+IF(ISNUMBER(AF45),Panduan_W6!$B$7,0)+IF(ISNUMBER(AG45),Panduan_W6!$B$8,0) | AI45: =IF(LEFT(AJ45,7)<>"Lengkap","",IF(AJ45="Lengkap (gang)",AG45,(IF(ISNUMBER(AC45),Panduan_W6!$B$4*AC45,0)+IF(ISNUMBER(AD45),Panduan_W6!$B$5*AD45,0)+IF(ISNUMBER(AE45),Panduan_W6!$B$6*AE45,0)+IF(ISNUMBER(AF45),Panduan_W6!$B$7*AF45,0)+IF(ISNUMBER(AG45),Panduan_W6!$B$8*AG45,0))/AH45)) | AJ45: =IF(AND(Panduan_W6!$B$11="Ya",$I45="Gang",$J45="Sepi"),IF(ISNUMBER(AG45),"Lengkap (gang)","Belum lengkap"),IF(AND(ISNUMBER(AC45),ISNUMBER(AD45),ISNUMBER(AE45),ISNUMBER(AG45),OR(ISNUMBER(AF45),$K45="Tidak ada")),"Lengkap","Belum lengkap"))
A46: RUAS-045 | B46: Day 2 | C46: KWS-05 | D46: Theo | E46: 2026-08-17 | F46: 14:42 | G46: Jl. Brojolamatan | H46: 186.75 | I46: Jalan kecil | J46: Sepi | K46: Tidak ada | L46: 0 | M46: 3.3 | N46: 8 | O46: tidak ada | P46: 0 | Q46: Ya | R46: 0 | S46: 0 | T46: 2 | U46: 1 | V46: 12.05 | W46: 25 sampai 50 persen | X46: 207 | Y46: 3 | AA46: 1 | AB46: 0.9 | AC46: =IF($K46="","",IF($K46="Ada",1,IF($K46="Sebagian",0.5,0))) | AD46: =IF($K46="","",IF($K46="Tidak ada",0,IF($L46="","",MIN($L46/Panduan_W6!$B$9,1)))) | AE46: =IF($K46="","",IF($K46="Tidak ada",0,IF(OR($N46="",$H46=""),"",MAX(0,1-$N46/$H46)))) | AF46: =IF(OR($K46="",$K46="Tidak ada"),"",IF(OR($P46="",$H46=""),"",EXP(-$P46/$H46*100/Panduan_W6!$B$10))) | AG46: =IF($Q46="","",IF($Q46="Tidak",1,0)) | AH46: =IF(ISNUMBER(AC46),Panduan_W6!$B$4,0)+IF(ISNUMBER(AD46),Panduan_W6!$B$5,0)+IF(ISNUMBER(AE46),Panduan_W6!$B$6,0)+IF(ISNUMBER(AF46),Panduan_W6!$B$7,0)+IF(ISNUMBER(AG46),Panduan_W6!$B$8,0) | AI46: =IF(LEFT(AJ46,7)<>"Lengkap","",IF(AJ46="Lengkap (gang)",AG46,(IF(ISNUMBER(AC46),Panduan_W6!$B$4*AC46,0)+IF(ISNUMBER(AD46),Panduan_W6!$B$5*AD46,0)+IF(ISNUMBER(AE46),Panduan_W6!$B$6*AE46,0)+IF(ISNUMBER(AF46),Panduan_W6!$B$7*AF46,0)+IF(ISNUMBER(AG46),Panduan_W6!$B$8*AG46,0))/AH46)) | AJ46: =IF(AND(Panduan_W6!$B$11="Ya",$I46="Gang",$J46="Sepi"),IF(ISNUMBER(AG46),"Lengkap (gang)","Belum lengkap"),IF(AND(ISNUMBER(AC46),ISNUMBER(AD46),ISNUMBER(AE46),ISNUMBER(AG46),OR(ISNUMBER(AF46),$K46="Tidak ada")),"Lengkap","Belum lengkap"))
A47: RUAS-046 | B47: Day 2 | C47: KWS-08 | D47: Devon | E47: 2026-08-17 | F47: 11:44 | G47: Gang mawar, Jl. Tajem Baru | H47: 78 | I47: Gang | J47: Sepi | K47: Tidak ada | L47: 0 | M47: 2 | N47: 0 | O47: tidak ada | P47: 0 | Q47: Ya | R47: 0 | S47: 0 | T47: 0 | U47: 0 | V47: 0 | W47: Nihil | X47: 70 | Y47: 1 | AA47: 1 | AB47: 1.11 | AC47: =IF($K47="","",IF($K47="Ada",1,IF($K47="Sebagian",0.5,0))) | AD47: =IF($K47="","",IF($K47="Tidak ada",0,IF($L47="","",MIN($L47/Panduan_W6!$B$9,1)))) | AE47: =IF($K47="","",IF($K47="Tidak ada",0,IF(OR($N47="",$H47=""),"",MAX(0,1-$N47/$H47)))) | AF47: =IF(OR($K47="",$K47="Tidak ada"),"",IF(OR($P47="",$H47=""),"",EXP(-$P47/$H47*100/Panduan_W6!$B$10))) | AG47: =IF($Q47="","",IF($Q47="Tidak",1,0)) | AH47: =IF(ISNUMBER(AC47),Panduan_W6!$B$4,0)+IF(ISNUMBER(AD47),Panduan_W6!$B$5,0)+IF(ISNUMBER(AE47),Panduan_W6!$B$6,0)+IF(ISNUMBER(AF47),Panduan_W6!$B$7,0)+IF(ISNUMBER(AG47),Panduan_W6!$B$8,0) | AI47: =IF(LEFT(AJ47,7)<>"Lengkap","",IF(AJ47="Lengkap (gang)",AG47,(IF(ISNUMBER(AC47),Panduan_W6!$B$4*AC47,0)+IF(ISNUMBER(AD47),Panduan_W6!$B$5*AD47,0)+IF(ISNUMBER(AE47),Panduan_W6!$B$6*AE47,0)+IF(ISNUMBER(AF47),Panduan_W6!$B$7*AF47,0)+IF(ISNUMBER(AG47),Panduan_W6!$B$8*AG47,0))/AH47)) | AJ47: =IF(AND(Panduan_W6!$B$11="Ya",$I47="Gang",$J47="Sepi"),IF(ISNUMBER(AG47),"Lengkap (gang)","Belum lengkap"),IF(AND(ISNUMBER(AC47),ISNUMBER(AD47),ISNUMBER(AE47),ISNUMBER(AG47),OR(ISNUMBER(AF47),$K47="Tidak ada")),"Lengkap","Belum lengkap"))
A48: RUAS-047 | B48: Day 2 | C48: KWS-12 | D48: Delon | E48: 2026-08-17 | F48: 14:57 | G48: Gg. Janaka, Maguwoharjo | H48: 55 | I48: Gang | J48: Sepi | K48: Tidak ada | L48: 0 | M48: 3 | O48: tidak ada | P48: 1 | Q48: Ya | R48: 0 | S48: 0 | T48: 3 | U48: 0 | V48: 18 | W48: Di atas 50 persen | X48: 53 | Y48: 1 | Z48: jalan paving, sepi, rimbun, banyak pohon, ada beberapa bendera dan umbul-umbul merah putih di sekitar jalan | AA48: 1 | AB48: 1.04 | AC48: =IF($K48="","",IF($K48="Ada",1,IF($K48="Sebagian",0.5,0))) | AD48: =IF($K48="","",IF($K48="Tidak ada",0,IF($L48="","",MIN($L48/Panduan_W6!$B$9,1)))) | AE48: =IF($K48="","",IF($K48="Tidak ada",0,IF(OR($N48="",$H48=""),"",MAX(0,1-$N48/$H48)))) | AF48: =IF(OR($K48="",$K48="Tidak ada"),"",IF(OR($P48="",$H48=""),"",EXP(-$P48/$H48*100/Panduan_W6!$B$10))) | AG48: =IF($Q48="","",IF($Q48="Tidak",1,0)) | AH48: =IF(ISNUMBER(AC48),Panduan_W6!$B$4,0)+IF(ISNUMBER(AD48),Panduan_W6!$B$5,0)+IF(ISNUMBER(AE48),Panduan_W6!$B$6,0)+IF(ISNUMBER(AF48),Panduan_W6!$B$7,0)+IF(ISNUMBER(AG48),Panduan_W6!$B$8,0) | AI48: =IF(LEFT(AJ48,7)<>"Lengkap","",IF(AJ48="Lengkap (gang)",AG48,(IF(ISNUMBER(AC48),Panduan_W6!$B$4*AC48,0)+IF(ISNUMBER(AD48),Panduan_W6!$B$5*AD48,0)+IF(ISNUMBER(AE48),Panduan_W6!$B$6*AE48,0)+IF(ISNUMBER(AF48),Panduan_W6!$B$7*AF48,0)+IF(ISNUMBER(AG48),Panduan_W6!$B$8*AG48,0))/AH48)) | AJ48: =IF(AND(Panduan_W6!$B$11="Ya",$I48="Gang",$J48="Sepi"),IF(ISNUMBER(AG48),"Lengkap (gang)","Belum lengkap"),IF(AND(ISNUMBER(AC48),ISNUMBER(AD48),ISNUMBER(AE48),ISNUMBER(AG48),OR(ISNUMBER(AF48),$K48="Tidak ada")),"Lengkap","Belum lengkap"))
A49: RUAS-048 | B49: Day 2 | C49: KWS-12 | D49: Delon | E49: 2026-08-17 | F49: 15:13 | G49: Jl. Perjuangan maguwoharjo | H49: 93 | I49: Jalan kecil | J49: Sepi | K49: Tidak ada | L49: 0 | M49: 5 | O49: tidak ada | P49: 0 | Q49: Ya | R49: 0 | S49: 0 | T49: 4 | U49: 0 | V49: 23 | W49: Nihil | X49: 86 | Y49: 1 | Z49: jalan sepi, sedikit pohon besar, hanya ada pohon kecil, tidak ada area pejalan kaki, harus berjalan di area jalan raya | AA49: 2 | AB49: 1.08 | AC49: =IF($K49="","",IF($K49="Ada",1,IF($K49="Sebagian",0.5,0))) | AD49: =IF($K49="","",IF($K49="Tidak ada",0,IF($L49="","",MIN($L49/Panduan_W6!$B$9,1)))) | AE49: =IF($K49="","",IF($K49="Tidak ada",0,IF(OR($N49="",$H49=""),"",MAX(0,1-$N49/$H49)))) | AF49: =IF(OR($K49="",$K49="Tidak ada"),"",IF(OR($P49="",$H49=""),"",EXP(-$P49/$H49*100/Panduan_W6!$B$10))) | AG49: =IF($Q49="","",IF($Q49="Tidak",1,0)) | AH49: =IF(ISNUMBER(AC49),Panduan_W6!$B$4,0)+IF(ISNUMBER(AD49),Panduan_W6!$B$5,0)+IF(ISNUMBER(AE49),Panduan_W6!$B$6,0)+IF(ISNUMBER(AF49),Panduan_W6!$B$7,0)+IF(ISNUMBER(AG49),Panduan_W6!$B$8,0) | AI49: =IF(LEFT(AJ49,7)<>"Lengkap","",IF(AJ49="Lengkap (gang)",AG49,(IF(ISNUMBER(AC49),Panduan_W6!$B$4*AC49,0)+IF(ISNUMBER(AD49),Panduan_W6!$B$5*AD49,0)+IF(ISNUMBER(AE49),Panduan_W6!$B$6*AE49,0)+IF(ISNUMBER(AF49),Panduan_W6!$B$7*AF49,0)+IF(ISNUMBER(AG49),Panduan_W6!$B$8*AG49,0))/AH49)) | AJ49: =IF(AND(Panduan_W6!$B$11="Ya",$I49="Gang",$J49="Sepi"),IF(ISNUMBER(AG49),"Lengkap (gang)","Belum lengkap"),IF(AND(ISNUMBER(AC49),ISNUMBER(AD49),ISNUMBER(AE49),ISNUMBER(AG49),OR(ISNUMBER(AF49),$K49="Tidak ada")),"Lengkap","Belum lengkap"))
A50: RUAS-049 | B50: Day 2 | C50: KWS-12 | D50: Devon | E50: 2026-08-17 | F50: 15:07 | G50: Jl. Ring Road Utara, Maguwoharjo | H50: 150 | I50: Jalan raya | J50: Ramai | K50: Ada | L50: 1.5 | M50: 20 | N50: 0 | O50: mobil parkir | P50: 1 | Q50: Ya | R50: 0 | S50: 0 | T50: 3 | U50: 0 | V50: 30 | W50: Di bawah 25 persen | X50: 130 | Y50: 2 | AA50: 4 | AB50: 1.15 | AC50: =IF($K50="","",IF($K50="Ada",1,IF($K50="Sebagian",0.5,0))) | AD50: =IF($K50="","",IF($K50="Tidak ada",0,IF($L50="","",MIN($L50/Panduan_W6!$B$9,1)))) | AE50: =IF($K50="","",IF($K50="Tidak ada",0,IF(OR($N50="",$H50=""),"",MAX(0,1-$N50/$H50)))) | AF50: =IF(OR($K50="",$K50="Tidak ada"),"",IF(OR($P50="",$H50=""),"",EXP(-$P50/$H50*100/Panduan_W6!$B$10))) | AG50: =IF($Q50="","",IF($Q50="Tidak",1,0)) | AH50: =IF(ISNUMBER(AC50),Panduan_W6!$B$4,0)+IF(ISNUMBER(AD50),Panduan_W6!$B$5,0)+IF(ISNUMBER(AE50),Panduan_W6!$B$6,0)+IF(ISNUMBER(AF50),Panduan_W6!$B$7,0)+IF(ISNUMBER(AG50),Panduan_W6!$B$8,0) | AI50: =IF(LEFT(AJ50,7)<>"Lengkap","",IF(AJ50="Lengkap (gang)",AG50,(IF(ISNUMBER(AC50),Panduan_W6!$B$4*AC50,0)+IF(ISNUMBER(AD50),Panduan_W6!$B$5*AD50,0)+IF(ISNUMBER(AE50),Panduan_W6!$B$6*AE50,0)+IF(ISNUMBER(AF50),Panduan_W6!$B$7*AF50,0)+IF(ISNUMBER(AG50),Panduan_W6!$B$8*AG50,0))/AH50)) | AJ50: =IF(AND(Panduan_W6!$B$11="Ya",$I50="Gang",$J50="Sepi"),IF(ISNUMBER(AG50),"Lengkap (gang)","Belum lengkap"),IF(AND(ISNUMBER(AC50),ISNUMBER(AD50),ISNUMBER(AE50),ISNUMBER(AG50),OR(ISNUMBER(AF50),$K50="Tidak ada")),"Lengkap","Belum lengkap"))
A51: RUAS-050 | B51: Day 2 | C51: KWS-12 | D51: Delon | E51: 2026-08-17 | F51: 15:18 | G51: Meguwo RT 01, RW 45 | H51: 109 | I51: Gang | J51: Sepi | K51: Tidak ada | L51: 0 | M51: 4.5 | N51: 0 | O51: tidak ada | P51: 2 | Q51: Ya | R51: 0 | S51: 0 | T51: 5 | U51: 0 | V51: 22 | W51: 25 sampai 50 persen | X51: 100 | Y51: 2 | Z51: jalan semen, sepi, elevasi menurun, banyak bendera merah putih dan umbul-umbul | AA51: 1 | AB51: 1.09 | AC51: =IF($K51="","",IF($K51="Ada",1,IF($K51="Sebagian",0.5,0))) | AD51: =IF($K51="","",IF($K51="Tidak ada",0,IF($L51="","",MIN($L51/Panduan_W6!$B$9,1)))) | AE51: =IF($K51="","",IF($K51="Tidak ada",0,IF(OR($N51="",$H51=""),"",MAX(0,1-$N51/$H51)))) | AF51: =IF(OR($K51="",$K51="Tidak ada"),"",IF(OR($P51="",$H51=""),"",EXP(-$P51/$H51*100/Panduan_W6!$B$10))) | AG51: =IF($Q51="","",IF($Q51="Tidak",1,0)) | AH51: =IF(ISNUMBER(AC51),Panduan_W6!$B$4,0)+IF(ISNUMBER(AD51),Panduan_W6!$B$5,0)+IF(ISNUMBER(AE51),Panduan_W6!$B$6,0)+IF(ISNUMBER(AF51),Panduan_W6!$B$7,0)+IF(ISNUMBER(AG51),Panduan_W6!$B$8,0) | AI51: =IF(LEFT(AJ51,7)<>"Lengkap","",IF(AJ51="Lengkap (gang)",AG51,(IF(ISNUMBER(AC51),Panduan_W6!$B$4*AC51,0)+IF(ISNUMBER(AD51),Panduan_W6!$B$5*AD51,0)+IF(ISNUMBER(AE51),Panduan_W6!$B$6*AE51,0)+IF(ISNUMBER(AF51),Panduan_W6!$B$7*AF51,0)+IF(ISNUMBER(AG51),Panduan_W6!$B$8*AG51,0))/AH51)) | AJ51: =IF(AND(Panduan_W6!$B$11="Ya",$I51="Gang",$J51="Sepi"),IF(ISNUMBER(AG51),"Lengkap (gang)","Belum lengkap"),IF(AND(ISNUMBER(AC51),ISNUMBER(AD51),ISNUMBER(AE51),ISNUMBER(AG51),OR(ISNUMBER(AF51),$K51="Tidak ada")),"Lengkap","Belum lengkap"))
A52: RUAS-051 | B52: Day 2 | C52: KWS-05 | D52: Andalan | E52: 2026-08-17 | F52: 15:43 | G52: Jl. Anggajaya II | H52: 200 | I52: Jalan kecil | J52: Sedang | K52: Tidak ada | L52: 0 | M52: 3 | N52: 0 | O52: material bangunan | P52: 5 | Q52: Ya | R52: 0 | S52: 0 | T52: 4 | U52: 0 | V52: 50 | W52: Di bawah 25 persen | X52: 189 | Y52: 2 | Z52: lobang gede | AA52: 1 | AB52: 1.06 | AC52: =IF($K52="","",IF($K52="Ada",1,IF($K52="Sebagian",0.5,0))) | AD52: =IF($K52="","",IF($K52="Tidak ada",0,IF($L52="","",MIN($L52/Panduan_W6!$B$9,1)))) | AE52: =IF($K52="","",IF($K52="Tidak ada",0,IF(OR($N52="",$H52=""),"",MAX(0,1-$N52/$H52)))) | AF52: =IF(OR($K52="",$K52="Tidak ada"),"",IF(OR($P52="",$H52=""),"",EXP(-$P52/$H52*100/Panduan_W6!$B$10))) | AG52: =IF($Q52="","",IF($Q52="Tidak",1,0)) | AH52: =IF(ISNUMBER(AC52),Panduan_W6!$B$4,0)+IF(ISNUMBER(AD52),Panduan_W6!$B$5,0)+IF(ISNUMBER(AE52),Panduan_W6!$B$6,0)+IF(ISNUMBER(AF52),Panduan_W6!$B$7,0)+IF(ISNUMBER(AG52),Panduan_W6!$B$8,0) | AI52: =IF(LEFT(AJ52,7)<>"Lengkap","",IF(AJ52="Lengkap (gang)",AG52,(IF(ISNUMBER(AC52),Panduan_W6!$B$4*AC52,0)+IF(ISNUMBER(AD52),Panduan_W6!$B$5*AD52,0)+IF(ISNUMBER(AE52),Panduan_W6!$B$6*AE52,0)+IF(ISNUMBER(AF52),Panduan_W6!$B$7*AF52,0)+IF(ISNUMBER(AG52),Panduan_W6!$B$8*AG52,0))/AH52)) | AJ52: =IF(AND(Panduan_W6!$B$11="Ya",$I52="Gang",$J52="Sepi"),IF(ISNUMBER(AG52),"Lengkap (gang)","Belum lengkap"),IF(AND(ISNUMBER(AC52),ISNUMBER(AD52),ISNUMBER(AE52),ISNUMBER(AG52),OR(ISNUMBER(AF52),$K52="Tidak ada")),"Lengkap","Belum lengkap"))
A53: RUAS-052 | B53: Day 2 | C53: KWS-05 | D53: Theo | E53: 2026-08-17 | F53: 15:46 | G53: Jl. Anggajaya (lanjutan) | H53: 76.75 | I53: Jalan raya | J53: Ramai | K53: Tidak ada | L53: 0 | M53: 4.41 | N53: 0 | O53: tidak ada | P53: 0 | Q53: Ya | R53: 0 | S53: 0 | T53: 0 | U53: 0 | V53: 0 | W53: 25 sampai 50 persen | X53: 63 | Y53: 1 | Z53: lanjutan Jalan anggajaya | AA53: 1 | AB53: 1.22 | AC53: =IF($K53="","",IF($K53="Ada",1,IF($K53="Sebagian",0.5,0))) | AD53: =IF($K53="","",IF($K53="Tidak ada",0,IF($L53="","",MIN($L53/Panduan_W6!$B$9,1)))) | AE53: =IF($K53="","",IF($K53="Tidak ada",0,IF(OR($N53="",$H53=""),"",MAX(0,1-$N53/$H53)))) | AF53: =IF(OR($K53="",$K53="Tidak ada"),"",IF(OR($P53="",$H53=""),"",EXP(-$P53/$H53*100/Panduan_W6!$B$10))) | AG53: =IF($Q53="","",IF($Q53="Tidak",1,0)) | AH53: =IF(ISNUMBER(AC53),Panduan_W6!$B$4,0)+IF(ISNUMBER(AD53),Panduan_W6!$B$5,0)+IF(ISNUMBER(AE53),Panduan_W6!$B$6,0)+IF(ISNUMBER(AF53),Panduan_W6!$B$7,0)+IF(ISNUMBER(AG53),Panduan_W6!$B$8,0) | AI53: =IF(LEFT(AJ53,7)<>"Lengkap","",IF(AJ53="Lengkap (gang)",AG53,(IF(ISNUMBER(AC53),Panduan_W6!$B$4*AC53,0)+IF(ISNUMBER(AD53),Panduan_W6!$B$5*AD53,0)+IF(ISNUMBER(AE53),Panduan_W6!$B$6*AE53,0)+IF(ISNUMBER(AF53),Panduan_W6!$B$7*AF53,0)+IF(ISNUMBER(AG53),Panduan_W6!$B$8*AG53,0))/AH53)) | AJ53: =IF(AND(Panduan_W6!$B$11="Ya",$I53="Gang",$J53="Sepi"),IF(ISNUMBER(AG53),"Lengkap (gang)","Belum lengkap"),IF(AND(ISNUMBER(AC53),ISNUMBER(AD53),ISNUMBER(AE53),ISNUMBER(AG53),OR(ISNUMBER(AF53),$K53="Tidak ada")),"Lengkap","Belum lengkap"))
A54: RUAS-053 | B54: Day 2 | C54: KWS-05 | D54: Andalan | E54: 2026-08-17 | F54: 15:54 | G54: Jl. Brojowikalpo | H54: 120 | I54: Jalan kecil | J54: Sepi | K54: Ada | L54: 2 | M54: 0 | N54: 0 | O54: mobil parkir | P54: 0 | Q54: Ya | R54: 0 | S54: 0 | T54: 3 | U54: 0 | V54: 60 | W54: Di bawah 25 persen | X54: 72 | Y54: 2 | Z54: KOREKSI 2026-09-08 (disetujui pemilik repo): entri asli Trotoar='Ada' tapi Lebar Trotoar=0,0 - bertentangan. Dikonfirmasi pencatat ada trotoar selebar 2 m, jadi Lebar Trotoar -> 2,0. I-2 kini penuh (2,0/1,5 dibatasi 1,0). BELUM DIPUTUSKAN: 'Lebar Jalan (m)' masih 0,0 padahal ruas ini muat satu mobil; dibiarkan apa adanya sampai ada konfirmasi angka sebenarnya. | AA54: 1 | AB54: 1.67 | AC54: =IF($K54="","",IF($K54="Ada",1,IF($K54="Sebagian",0.5,0))) | AD54: =IF($K54="","",IF($K54="Tidak ada",0,IF($L54="","",MIN($L54/Panduan_W6!$B$9,1)))) | AE54: =IF($K54="","",IF($K54="Tidak ada",0,IF(OR($N54="",$H54=""),"",MAX(0,1-$N54/$H54)))) | AF54: =IF(OR($K54="",$K54="Tidak ada"),"",IF(OR($P54="",$H54=""),"",EXP(-$P54/$H54*100/Panduan_W6!$B$10))) | AG54: =IF($Q54="","",IF($Q54="Tidak",1,0)) | AH54: =IF(ISNUMBER(AC54),Panduan_W6!$B$4,0)+IF(ISNUMBER(AD54),Panduan_W6!$B$5,0)+IF(ISNUMBER(AE54),Panduan_W6!$B$6,0)+IF(ISNUMBER(AF54),Panduan_W6!$B$7,0)+IF(ISNUMBER(AG54),Panduan_W6!$B$8,0) | AI54: =IF(LEFT(AJ54,7)<>"Lengkap","",IF(AJ54="Lengkap (gang)",AG54,(IF(ISNUMBER(AC54),Panduan_W6!$B$4*AC54,0)+IF(ISNUMBER(AD54),Panduan_W6!$B$5*AD54,0)+IF(ISNUMBER(AE54),Panduan_W6!$B$6*AE54,0)+IF(ISNUMBER(AF54),Panduan_W6!$B$7*AF54,0)+IF(ISNUMBER(AG54),Panduan_W6!$B$8*AG54,0))/AH54)) | AJ54: =IF(AND(Panduan_W6!$B$11="Ya",$I54="Gang",$J54="Sepi"),IF(ISNUMBER(AG54),"Lengkap (gang)","Belum lengkap"),IF(AND(ISNUMBER(AC54),ISNUMBER(AD54),ISNUMBER(AE54),ISNUMBER(AG54),OR(ISNUMBER(AF54),$K54="Tidak ada")),"Lengkap","Belum lengkap"))
A55: RUAS-054 | B55: Day 2 | C55: KWS-05 | D55: Theo | E55: 2026-08-17 | F55: 16:15 | G55: Jl. Anggajaya Lanjutan | H55: 143.5 | I55: Jalan raya | J55: Ramai | K55: Tidak ada | L55: 0 | M55: 8.5 | N55: 0 | O55: tidak ada | P55: 0 | Q55: Ya | R55: 0 | S55: 0 | T55: 4 | U55: 0 | V55: 42.83 | W55: Nihil | X55: 245 | Z55: jalanan untuk pejalan kakinya ke anyakn got git yang ngk sejajar | AA55: 2 | AB55: 0.59 | AC55: =IF($K55="","",IF($K55="Ada",1,IF($K55="Sebagian",0.5,0))) | AD55: =IF($K55="","",IF($K55="Tidak ada",0,IF($L55="","",MIN($L55/Panduan_W6!$B$9,1)))) | AE55: =IF($K55="","",IF($K55="Tidak ada",0,IF(OR($N55="",$H55=""),"",MAX(0,1-$N55/$H55)))) | AF55: =IF(OR($K55="",$K55="Tidak ada"),"",IF(OR($P55="",$H55=""),"",EXP(-$P55/$H55*100/Panduan_W6!$B$10))) | AG55: =IF($Q55="","",IF($Q55="Tidak",1,0)) | AH55: =IF(ISNUMBER(AC55),Panduan_W6!$B$4,0)+IF(ISNUMBER(AD55),Panduan_W6!$B$5,0)+IF(ISNUMBER(AE55),Panduan_W6!$B$6,0)+IF(ISNUMBER(AF55),Panduan_W6!$B$7,0)+IF(ISNUMBER(AG55),Panduan_W6!$B$8,0) | AI55: =IF(LEFT(AJ55,7)<>"Lengkap","",IF(AJ55="Lengkap (gang)",AG55,(IF(ISNUMBER(AC55),Panduan_W6!$B$4*AC55,0)+IF(ISNUMBER(AD55),Panduan_W6!$B$5*AD55,0)+IF(ISNUMBER(AE55),Panduan_W6!$B$6*AE55,0)+IF(ISNUMBER(AF55),Panduan_W6!$B$7*AF55,0)+IF(ISNUMBER(AG55),Panduan_W6!$B$8*AG55,0))/AH55)) | AJ55: =IF(AND(Panduan_W6!$B$11="Ya",$I55="Gang",$J55="Sepi"),IF(ISNUMBER(AG55),"Lengkap (gang)","Belum lengkap"),IF(AND(ISNUMBER(AC55),ISNUMBER(AD55),ISNUMBER(AE55),ISNUMBER(AG55),OR(ISNUMBER(AF55),$K55="Tidak ada")),"Lengkap","Belum lengkap"))
A56: RUAS-055 | B56: Day 2 | C56: KWS-02 | D56: Devon | E56: 2026-08-17 | F56: 16:26 | G56: Jl. Jangkar Bumi | H56: 190 | I56: Gang | J56: Sepi | K56: Tidak ada | L56: 0 | M56: 3 | N56: 0 | O56: parkir motor | P56: 0 | Q56: Ya | R56: 0 | S56: 0 | T56: 4 | U56: 0 | V56: 16 | W56: Nihil | X56: 174 | Y56: 2 | AA56: 1 | AB56: 1.09 | AC56: =IF($K56="","",IF($K56="Ada",1,IF($K56="Sebagian",0.5,0))) | AD56: =IF($K56="","",IF($K56="Tidak ada",0,IF($L56="","",MIN($L56/Panduan_W6!$B$9,1)))) | AE56: =IF($K56="","",IF($K56="Tidak ada",0,IF(OR($N56="",$H56=""),"",MAX(0,1-$N56/$H56)))) | AF56: =IF(OR($K56="",$K56="Tidak ada"),"",IF(OR($P56="",$H56=""),"",EXP(-$P56/$H56*100/Panduan_W6!$B$10))) | AG56: =IF($Q56="","",IF($Q56="Tidak",1,0)) | AH56: =IF(ISNUMBER(AC56),Panduan_W6!$B$4,0)+IF(ISNUMBER(AD56),Panduan_W6!$B$5,0)+IF(ISNUMBER(AE56),Panduan_W6!$B$6,0)+IF(ISNUMBER(AF56),Panduan_W6!$B$7,0)+IF(ISNUMBER(AG56),Panduan_W6!$B$8,0) | AI56: =IF(LEFT(AJ56,7)<>"Lengkap","",IF(AJ56="Lengkap (gang)",AG56,(IF(ISNUMBER(AC56),Panduan_W6!$B$4*AC56,0)+IF(ISNUMBER(AD56),Panduan_W6!$B$5*AD56,0)+IF(ISNUMBER(AE56),Panduan_W6!$B$6*AE56,0)+IF(ISNUMBER(AF56),Panduan_W6!$B$7*AF56,0)+IF(ISNUMBER(AG56),Panduan_W6!$B$8*AG56,0))/AH56)) | AJ56: =IF(AND(Panduan_W6!$B$11="Ya",$I56="Gang",$J56="Sepi"),IF(ISNUMBER(AG56),"Lengkap (gang)","Belum lengkap"),IF(AND(ISNUMBER(AC56),ISNUMBER(AD56),ISNUMBER(AE56),ISNUMBER(AG56),OR(ISNUMBER(AF56),$K56="Tidak ada")),"Lengkap","Belum lengkap"))
A57: RUAS-056 | B57: Day 2 | C57: KWS-02 | D57: Delon | E57: 2026-08-17 | F57: 17:20 | G57: Jl. Ring Road Utara | H57: 188 | I57: Jalan raya | J57: Ramai | K57: Tidak ada | L57: 0 | M57: 20 | N57: 0 | O57: tidak ada | P57: 0 | Q57: Ya | R57: 0 | S57: 0 | T57: 2 | U57: 0 | V57: 50 | W57: Di bawah 25 persen | X57: 170 | Y57: 2 | Z57: tidak ada trotoar dan fasilitas penyeberangan sama sekali, kendaraan melaju sangat kencang, sebaguan area pehalan merupakan parkiran pertokoan dengan medan bebatuan sisanya harus berjalan di area jalan raya | AA57: 6 | AB57: 1.11 | AC57: =IF($K57="","",IF($K57="Ada",1,IF($K57="Sebagian",0.5,0))) | AD57: =IF($K57="","",IF($K57="Tidak ada",0,IF($L57="","",MIN($L57/Panduan_W6!$B$9,1)))) | AE57: =IF($K57="","",IF($K57="Tidak ada",0,IF(OR($N57="",$H57=""),"",MAX(0,1-$N57/$H57)))) | AF57: =IF(OR($K57="",$K57="Tidak ada"),"",IF(OR($P57="",$H57=""),"",EXP(-$P57/$H57*100/Panduan_W6!$B$10))) | AG57: =IF($Q57="","",IF($Q57="Tidak",1,0)) | AH57: =IF(ISNUMBER(AC57),Panduan_W6!$B$4,0)+IF(ISNUMBER(AD57),Panduan_W6!$B$5,0)+IF(ISNUMBER(AE57),Panduan_W6!$B$6,0)+IF(ISNUMBER(AF57),Panduan_W6!$B$7,0)+IF(ISNUMBER(AG57),Panduan_W6!$B$8,0) | AI57: =IF(LEFT(AJ57,7)<>"Lengkap","",IF(AJ57="Lengkap (gang)",AG57,(IF(ISNUMBER(AC57),Panduan_W6!$B$4*AC57,0)+IF(ISNUMBER(AD57),Panduan_W6!$B$5*AD57,0)+IF(ISNUMBER(AE57),Panduan_W6!$B$6*AE57,0)+IF(ISNUMBER(AF57),Panduan_W6!$B$7*AF57,0)+IF(ISNUMBER(AG57),Panduan_W6!$B$8*AG57,0))/AH57)) | AJ57: =IF(AND(Panduan_W6!$B$11="Ya",$I57="Gang",$J57="Sepi"),IF(ISNUMBER(AG57),"Lengkap (gang)","Belum lengkap"),IF(AND(ISNUMBER(AC57),ISNUMBER(AD57),ISNUMBER(AE57),ISNUMBER(AG57),OR(ISNUMBER(AF57),$K57="Tidak ada")),"Lengkap","Belum lengkap"))
A58: RUAS-057 | B58: Day 2 | C58: KWS-02 | D58: Delon | E58: 2026-08-17 | F58: 17:29 | G58: Jl. Ring Road Utara | H58: 136 | I58: Jalan raya | J58: Ramai | K58: Sebagian | L58: 1.5 | M58: 20 | N58: 92 | O58: tidak ada | P58: 1 | Q58: Ya | R58: 0 | S58: 0 | T58: 2 | U58: 0 | V58: 65 | W58: 25 sampai 50 persen | X58: 121 | Y58: 1 | Z58: tidak ramah pejalan kaki, mayoritas area berjalan mepet di sisi jalan | AA58: 6 | AB58: 1.12 | AC58: =IF($K58="","",IF($K58="Ada",1,IF($K58="Sebagian",0.5,0))) | AD58: =IF($K58="","",IF($K58="Tidak ada",0,IF($L58="","",MIN($L58/Panduan_W6!$B$9,1)))) | AE58: =IF($K58="","",IF($K58="Tidak ada",0,IF(OR($N58="",$H58=""),"",MAX(0,1-$N58/$H58)))) | AF58: =IF(OR($K58="",$K58="Tidak ada"),"",IF(OR($P58="",$H58=""),"",EXP(-$P58/$H58*100/Panduan_W6!$B$10))) | AG58: =IF($Q58="","",IF($Q58="Tidak",1,0)) | AH58: =IF(ISNUMBER(AC58),Panduan_W6!$B$4,0)+IF(ISNUMBER(AD58),Panduan_W6!$B$5,0)+IF(ISNUMBER(AE58),Panduan_W6!$B$6,0)+IF(ISNUMBER(AF58),Panduan_W6!$B$7,0)+IF(ISNUMBER(AG58),Panduan_W6!$B$8,0) | AI58: =IF(LEFT(AJ58,7)<>"Lengkap","",IF(AJ58="Lengkap (gang)",AG58,(IF(ISNUMBER(AC58),Panduan_W6!$B$4*AC58,0)+IF(ISNUMBER(AD58),Panduan_W6!$B$5*AD58,0)+IF(ISNUMBER(AE58),Panduan_W6!$B$6*AE58,0)+IF(ISNUMBER(AF58),Panduan_W6!$B$7*AF58,0)+IF(ISNUMBER(AG58),Panduan_W6!$B$8*AG58,0))/AH58)) | AJ58: =IF(AND(Panduan_W6!$B$11="Ya",$I58="Gang",$J58="Sepi"),IF(ISNUMBER(AG58),"Lengkap (gang)","Belum lengkap"),IF(AND(ISNUMBER(AC58),ISNUMBER(AD58),ISNUMBER(AE58),ISNUMBER(AG58),OR(ISNUMBER(AF58),$K58="Tidak ada")),"Lengkap","Belum lengkap"))
A59: RUAS-058 | B59: Day 2 | C59: KWS-02 | D59: Delon | E59: 2026-08-17 | F59: 17:41 | G59: Jl. Utama, Pugeran, maguwoharjo | H59: 150 | I59: Jalan raya | J59: Sedang | K59: Tidak ada | L59: 0 | M59: 5 | N59: 0 | O59: tidak ada | P59: 0 | Q59: Ya | R59: 0 | S59: 0 | T59: 6 | U59: 0 | V59: 25 | W59: Di bawah 25 persen | X59: 130 | Y59: 2 | Z59: jalan aspal, didominasi perumahan dan beberapa pertokoan, elevasi menanjak di ujung jalan (dari arah jl ring road) | AA59: 2 | AB59: 1.15 | AC59: =IF($K59="","",IF($K59="Ada",1,IF($K59="Sebagian",0.5,0))) | AD59: =IF($K59="","",IF($K59="Tidak ada",0,IF($L59="","",MIN($L59/Panduan_W6!$B$9,1)))) | AE59: =IF($K59="","",IF($K59="Tidak ada",0,IF(OR($N59="",$H59=""),"",MAX(0,1-$N59/$H59)))) | AF59: =IF(OR($K59="",$K59="Tidak ada"),"",IF(OR($P59="",$H59=""),"",EXP(-$P59/$H59*100/Panduan_W6!$B$10))) | AG59: =IF($Q59="","",IF($Q59="Tidak",1,0)) | AH59: =IF(ISNUMBER(AC59),Panduan_W6!$B$4,0)+IF(ISNUMBER(AD59),Panduan_W6!$B$5,0)+IF(ISNUMBER(AE59),Panduan_W6!$B$6,0)+IF(ISNUMBER(AF59),Panduan_W6!$B$7,0)+IF(ISNUMBER(AG59),Panduan_W6!$B$8,0) | AI59: =IF(LEFT(AJ59,7)<>"Lengkap","",IF(AJ59="Lengkap (gang)",AG59,(IF(ISNUMBER(AC59),Panduan_W6!$B$4*AC59,0)+IF(ISNUMBER(AD59),Panduan_W6!$B$5*AD59,0)+IF(ISNUMBER(AE59),Panduan_W6!$B$6*AE59,0)+IF(ISNUMBER(AF59),Panduan_W6!$B$7*AF59,0)+IF(ISNUMBER(AG59),Panduan_W6!$B$8*AG59,0))/AH59)) | AJ59: =IF(AND(Panduan_W6!$B$11="Ya",$I59="Gang",$J59="Sepi"),IF(ISNUMBER(AG59),"Lengkap (gang)","Belum lengkap"),IF(AND(ISNUMBER(AC59),ISNUMBER(AD59),ISNUMBER(AE59),ISNUMBER(AG59),OR(ISNUMBER(AF59),$K59="Tidak ada")),"Lengkap","Belum lengkap"))
A60: RUAS-059 | B60: Day 2 | C60: KWS-08 | D60: Andalan | E60: 2026-08-17 | F60: 17:48 | G60: Jl. Raya Tajem | H60: 146.45 | I60: Jalan raya | J60: Ramai | K60: Sebagian | L60: 4 | M60: 12 | O60: tiang listrik | P60: 5 | Q60: Ya | R60: 2 | S60: 0 | T60: 4 | U60: 1 | V60: 50 | W60: 25 sampai 50 persen | X60: 117 | Y60: 2 | Z60: satu lampu mati. ada pohon besar di dpn sekolah jadi rindang. trotoar hanya ada di area sekolah, sisanya pasir | AA60: 3 | AB60: 1.25 | AC60: =IF($K60="","",IF($K60="Ada",1,IF($K60="Sebagian",0.5,0))) | AD60: =IF($K60="","",IF($K60="Tidak ada",0,IF($L60="","",MIN($L60/Panduan_W6!$B$9,1)))) | AE60: =IF($K60="","",IF($K60="Tidak ada",0,IF(OR($N60="",$H60=""),"",MAX(0,1-$N60/$H60)))) | AF60: =IF(OR($K60="",$K60="Tidak ada"),"",IF(OR($P60="",$H60=""),"",EXP(-$P60/$H60*100/Panduan_W6!$B$10))) | AG60: =IF($Q60="","",IF($Q60="Tidak",1,0)) | AH60: =IF(ISNUMBER(AC60),Panduan_W6!$B$4,0)+IF(ISNUMBER(AD60),Panduan_W6!$B$5,0)+IF(ISNUMBER(AE60),Panduan_W6!$B$6,0)+IF(ISNUMBER(AF60),Panduan_W6!$B$7,0)+IF(ISNUMBER(AG60),Panduan_W6!$B$8,0) | AI60: =IF(LEFT(AJ60,7)<>"Lengkap","",IF(AJ60="Lengkap (gang)",AG60,(IF(ISNUMBER(AC60),Panduan_W6!$B$4*AC60,0)+IF(ISNUMBER(AD60),Panduan_W6!$B$5*AD60,0)+IF(ISNUMBER(AE60),Panduan_W6!$B$6*AE60,0)+IF(ISNUMBER(AF60),Panduan_W6!$B$7*AF60,0)+IF(ISNUMBER(AG60),Panduan_W6!$B$8*AG60,0))/AH60)) | AJ60: =IF(AND(Panduan_W6!$B$11="Ya",$I60="Gang",$J60="Sepi"),IF(ISNUMBER(AG60),"Lengkap (gang)","Belum lengkap"),IF(AND(ISNUMBER(AC60),ISNUMBER(AD60),ISNUMBER(AE60),ISNUMBER(AG60),OR(ISNUMBER(AF60),$K60="Tidak ada")),"Lengkap","Belum lengkap"))
A61: RUAS-060 | B61: Day 2 | C61: KWS-02 | D61: Devon | E61: 2026-08-17 | F61: 17:53 | G61: Jl. Ring Road Utara | H61: 255 | I61: Jalan raya | J61: Ramai | K61: Ada | L61: 1.5 | M61: 20 | N61: 0 | O61: tidak ada | P61: 1 | Q61: Tidak | R61: 0 | S61: 0 | T61: 6 | U61: 0 | V61: 25 | W61: Nihil | X61: 230 | Y61: 2 | AA61: 3 | AB61: 1.11 | AC61: =IF($K61="","",IF($K61="Ada",1,IF($K61="Sebagian",0.5,0))) | AD61: =IF($K61="","",IF($K61="Tidak ada",0,IF($L61="","",MIN($L61/Panduan_W6!$B$9,1)))) | AE61: =IF($K61="","",IF($K61="Tidak ada",0,IF(OR($N61="",$H61=""),"",MAX(0,1-$N61/$H61)))) | AF61: =IF(OR($K61="",$K61="Tidak ada"),"",IF(OR($P61="",$H61=""),"",EXP(-$P61/$H61*100/Panduan_W6!$B$10))) | AG61: =IF($Q61="","",IF($Q61="Tidak",1,0)) | AH61: =IF(ISNUMBER(AC61),Panduan_W6!$B$4,0)+IF(ISNUMBER(AD61),Panduan_W6!$B$5,0)+IF(ISNUMBER(AE61),Panduan_W6!$B$6,0)+IF(ISNUMBER(AF61),Panduan_W6!$B$7,0)+IF(ISNUMBER(AG61),Panduan_W6!$B$8,0) | AI61: =IF(LEFT(AJ61,7)<>"Lengkap","",IF(AJ61="Lengkap (gang)",AG61,(IF(ISNUMBER(AC61),Panduan_W6!$B$4*AC61,0)+IF(ISNUMBER(AD61),Panduan_W6!$B$5*AD61,0)+IF(ISNUMBER(AE61),Panduan_W6!$B$6*AE61,0)+IF(ISNUMBER(AF61),Panduan_W6!$B$7*AF61,0)+IF(ISNUMBER(AG61),Panduan_W6!$B$8*AG61,0))/AH61)) | AJ61: =IF(AND(Panduan_W6!$B$11="Ya",$I61="Gang",$J61="Sepi"),IF(ISNUMBER(AG61),"Lengkap (gang)","Belum lengkap"),IF(AND(ISNUMBER(AC61),ISNUMBER(AD61),ISNUMBER(AE61),ISNUMBER(AG61),OR(ISNUMBER(AF61),$K61="Tidak ada")),"Lengkap","Belum lengkap"))
A62: RUAS-061 | B62: Day 2 | C62: KWS-02 | D62: Devon | E62: 2026-08-17 | F62: 17:53 | H62: 160 | I62: Jalan kecil | J62: Sedang | K62: Tidak ada | L62: 0 | AA62: 3 | AC62: =IF($K62="","",IF($K62="Ada",1,IF($K62="Sebagian",0.5,0))) | AD62: =IF($K62="","",IF($K62="Tidak ada",0,IF($L62="","",MIN($L62/Panduan_W6!$B$9,1)))) | AE62: =IF($K62="","",IF($K62="Tidak ada",0,IF(OR($N62="",$H62=""),"",MAX(0,1-$N62/$H62)))) | AF62: =IF(OR($K62="",$K62="Tidak ada"),"",IF(OR($P62="",$H62=""),"",EXP(-$P62/$H62*100/Panduan_W6!$B$10))) | AG62: =IF($Q62="","",IF($Q62="Tidak",1,0)) | AH62: =IF(ISNUMBER(AC62),Panduan_W6!$B$4,0)+IF(ISNUMBER(AD62),Panduan_W6!$B$5,0)+IF(ISNUMBER(AE62),Panduan_W6!$B$6,0)+IF(ISNUMBER(AF62),Panduan_W6!$B$7,0)+IF(ISNUMBER(AG62),Panduan_W6!$B$8,0) | AI62: =IF(LEFT(AJ62,7)<>"Lengkap","",IF(AJ62="Lengkap (gang)",AG62,(IF(ISNUMBER(AC62),Panduan_W6!$B$4*AC62,0)+IF(ISNUMBER(AD62),Panduan_W6!$B$5*AD62,0)+IF(ISNUMBER(AE62),Panduan_W6!$B$6*AE62,0)+IF(ISNUMBER(AF62),Panduan_W6!$B$7*AF62,0)+IF(ISNUMBER(AG62),Panduan_W6!$B$8*AG62,0))/AH62)) | AJ62: =IF(AND(Panduan_W6!$B$11="Ya",$I62="Gang",$J62="Sepi"),IF(ISNUMBER(AG62),"Lengkap (gang)","Belum lengkap"),IF(AND(ISNUMBER(AC62),ISNUMBER(AD62),ISNUMBER(AE62),ISNUMBER(AG62),OR(ISNUMBER(AF62),$K62="Tidak ada")),"Lengkap","Belum lengkap"))
A63: RUAS-062 | B63: Day 2 | C63: KWS-02 | D63: Devon | E63: 2026-08-17 | F63: 17:53 | H63: 190 | I63: Jalan kecil | J63: Sedang | K63: Tidak ada | L63: 0 | AA63: 3 | AC63: =IF($K63="","",IF($K63="Ada",1,IF($K63="Sebagian",0.5,0))) | AD63: =IF($K63="","",IF($K63="Tidak ada",0,IF($L63="","",MIN($L63/Panduan_W6!$B$9,1)))) | AE63: =IF($K63="","",IF($K63="Tidak ada",0,IF(OR($N63="",$H63=""),"",MAX(0,1-$N63/$H63)))) | AF63: =IF(OR($K63="",$K63="Tidak ada"),"",IF(OR($P63="",$H63=""),"",EXP(-$P63/$H63*100/Panduan_W6!$B$10))) | AG63: =IF($Q63="","",IF($Q63="Tidak",1,0)) | AH63: =IF(ISNUMBER(AC63),Panduan_W6!$B$4,0)+IF(ISNUMBER(AD63),Panduan_W6!$B$5,0)+IF(ISNUMBER(AE63),Panduan_W6!$B$6,0)+IF(ISNUMBER(AF63),Panduan_W6!$B$7,0)+IF(ISNUMBER(AG63),Panduan_W6!$B$8,0) | AI63: =IF(LEFT(AJ63,7)<>"Lengkap","",IF(AJ63="Lengkap (gang)",AG63,(IF(ISNUMBER(AC63),Panduan_W6!$B$4*AC63,0)+IF(ISNUMBER(AD63),Panduan_W6!$B$5*AD63,0)+IF(ISNUMBER(AE63),Panduan_W6!$B$6*AE63,0)+IF(ISNUMBER(AF63),Panduan_W6!$B$7*AF63,0)+IF(ISNUMBER(AG63),Panduan_W6!$B$8*AG63,0))/AH63)) | AJ63: =IF(AND(Panduan_W6!$B$11="Ya",$I63="Gang",$J63="Sepi"),IF(ISNUMBER(AG63),"Lengkap (gang)","Belum lengkap"),IF(AND(ISNUMBER(AC63),ISNUMBER(AD63),ISNUMBER(AE63),ISNUMBER(AG63),OR(ISNUMBER(AF63),$K63="Tidak ada")),"Lengkap","Belum lengkap"))
A64: RUAS-063 | B64: Day 3 | C64: KWS-09 | D64: Theo | E64: 2026-08-18 | F64: 11:10 | G64: Jl. ringroad barat | H64: 199.3 | I64: Jalan raya | J64: Ramai | K64: Ada | M64: 12.8 | O64: pohon | P64: 5 | Q64: Ya | R64: 0 | S64: 0 | T64: 2 | U64: 0 | V64: 105.5 | W64: Di bawah 25 persen | X64: 163 | Y64: 3 | AA64: 3 | AB64: 1.22 | AC64: =IF($K64="","",IF($K64="Ada",1,IF($K64="Sebagian",0.5,0))) | AD64: =IF($K64="","",IF($K64="Tidak ada",0,IF($L64="","",MIN($L64/Panduan_W6!$B$9,1)))) | AE64: =IF($K64="","",IF($K64="Tidak ada",0,IF(OR($N64="",$H64=""),"",MAX(0,1-$N64/$H64)))) | AF64: =IF(OR($K64="",$K64="Tidak ada"),"",IF(OR($P64="",$H64=""),"",EXP(-$P64/$H64*100/Panduan_W6!$B$10))) | AG64: =IF($Q64="","",IF($Q64="Tidak",1,0)) | AH64: =IF(ISNUMBER(AC64),Panduan_W6!$B$4,0)+IF(ISNUMBER(AD64),Panduan_W6!$B$5,0)+IF(ISNUMBER(AE64),Panduan_W6!$B$6,0)+IF(ISNUMBER(AF64),Panduan_W6!$B$7,0)+IF(ISNUMBER(AG64),Panduan_W6!$B$8,0) | AI64: =IF(LEFT(AJ64,7)<>"Lengkap","",IF(AJ64="Lengkap (gang)",AG64,(IF(ISNUMBER(AC64),Panduan_W6!$B$4*AC64,0)+IF(ISNUMBER(AD64),Panduan_W6!$B$5*AD64,0)+IF(ISNUMBER(AE64),Panduan_W6!$B$6*AE64,0)+IF(ISNUMBER(AF64),Panduan_W6!$B$7*AF64,0)+IF(ISNUMBER(AG64),Panduan_W6!$B$8*AG64,0))/AH64)) | AJ64: =IF(AND(Panduan_W6!$B$11="Ya",$I64="Gang",$J64="Sepi"),IF(ISNUMBER(AG64),"Lengkap (gang)","Belum lengkap"),IF(AND(ISNUMBER(AC64),ISNUMBER(AD64),ISNUMBER(AE64),ISNUMBER(AG64),OR(ISNUMBER(AF64),$K64="Tidak ada")),"Lengkap","Belum lengkap"))
A65: RUAS-064 | B65: Day 3 | C65: KWS-10 | D65: Delon | E65: 2026-08-18 | F65: 11:40 | G65: Bandara Adisucipto | H65: 207 | I65: Jalan kecil | J65: Sepi | K65: Ada | L65: 6 | M65: 8 | N65: 60 | O65: tidak ada | P65: 2 | Q65: Ya | R65: 1 | S65: 0 | T65: 16 | U65: 0 | W65: Di atas 50 persen | X65: 184 | Y65: 2 | Z65: trotoar terputus karena jalan melebar dan ada palang pintu bandara | AA65: 2 | AB65: 1.12 | AC65: =IF($K65="","",IF($K65="Ada",1,IF($K65="Sebagian",0.5,0))) | AD65: =IF($K65="","",IF($K65="Tidak ada",0,IF($L65="","",MIN($L65/Panduan_W6!$B$9,1)))) | AE65: =IF($K65="","",IF($K65="Tidak ada",0,IF(OR($N65="",$H65=""),"",MAX(0,1-$N65/$H65)))) | AF65: =IF(OR($K65="",$K65="Tidak ada"),"",IF(OR($P65="",$H65=""),"",EXP(-$P65/$H65*100/Panduan_W6!$B$10))) | AG65: =IF($Q65="","",IF($Q65="Tidak",1,0)) | AH65: =IF(ISNUMBER(AC65),Panduan_W6!$B$4,0)+IF(ISNUMBER(AD65),Panduan_W6!$B$5,0)+IF(ISNUMBER(AE65),Panduan_W6!$B$6,0)+IF(ISNUMBER(AF65),Panduan_W6!$B$7,0)+IF(ISNUMBER(AG65),Panduan_W6!$B$8,0) | AI65: =IF(LEFT(AJ65,7)<>"Lengkap","",IF(AJ65="Lengkap (gang)",AG65,(IF(ISNUMBER(AC65),Panduan_W6!$B$4*AC65,0)+IF(ISNUMBER(AD65),Panduan_W6!$B$5*AD65,0)+IF(ISNUMBER(AE65),Panduan_W6!$B$6*AE65,0)+IF(ISNUMBER(AF65),Panduan_W6!$B$7*AF65,0)+IF(ISNUMBER(AG65),Panduan_W6!$B$8*AG65,0))/AH65)) | AJ65: =IF(AND(Panduan_W6!$B$11="Ya",$I65="Gang",$J65="Sepi"),IF(ISNUMBER(AG65),"Lengkap (gang)","Belum lengkap"),IF(AND(ISNUMBER(AC65),ISNUMBER(AD65),ISNUMBER(AE65),ISNUMBER(AG65),OR(ISNUMBER(AF65),$K65="Tidak ada")),"Lengkap","Belum lengkap"))
A66: RUAS-065 | B66: Day 3 | C66: KWS-10 | D66: Delon | E66: 2026-08-18 | F66: 12:02 | G66: Jl. Bandara Adisicipto | H66: 90 | I66: Jalan raya | J66: Sedang | K66: Ada | L66: 2 | M66: 15 | N66: 42 | O66: tiang listrik, padagang kaki lima | P66: 1 | Q66: Ya | R66: 1 | S66: 0 | T66: 4 | U66: 3 | V66: 22.5 | W66: Nihil | X66: 93 | Y66: 2 | Z66: trotoar rusak, banyak ditumbuhi tanaman | AA66: 4 | AB66: 0.97 | AC66: =IF($K66="","",IF($K66="Ada",1,IF($K66="Sebagian",0.5,0))) | AD66: =IF($K66="","",IF($K66="Tidak ada",0,IF($L66="","",MIN($L66/Panduan_W6!$B$9,1)))) | AE66: =IF($K66="","",IF($K66="Tidak ada",0,IF(OR($N66="",$H66=""),"",MAX(0,1-$N66/$H66)))) | AF66: =IF(OR($K66="",$K66="Tidak ada"),"",IF(OR($P66="",$H66=""),"",EXP(-$P66/$H66*100/Panduan_W6!$B$10))) | AG66: =IF($Q66="","",IF($Q66="Tidak",1,0)) | AH66: =IF(ISNUMBER(AC66),Panduan_W6!$B$4,0)+IF(ISNUMBER(AD66),Panduan_W6!$B$5,0)+IF(ISNUMBER(AE66),Panduan_W6!$B$6,0)+IF(ISNUMBER(AF66),Panduan_W6!$B$7,0)+IF(ISNUMBER(AG66),Panduan_W6!$B$8,0) | AI66: =IF(LEFT(AJ66,7)<>"Lengkap","",IF(AJ66="Lengkap (gang)",AG66,(IF(ISNUMBER(AC66),Panduan_W6!$B$4*AC66,0)+IF(ISNUMBER(AD66),Panduan_W6!$B$5*AD66,0)+IF(ISNUMBER(AE66),Panduan_W6!$B$6*AE66,0)+IF(ISNUMBER(AF66),Panduan_W6!$B$7*AF66,0)+IF(ISNUMBER(AG66),Panduan_W6!$B$8*AG66,0))/AH66)) | AJ66: =IF(AND(Panduan_W6!$B$11="Ya",$I66="Gang",$J66="Sepi"),IF(ISNUMBER(AG66),"Lengkap (gang)","Belum lengkap"),IF(AND(ISNUMBER(AC66),ISNUMBER(AD66),ISNUMBER(AE66),ISNUMBER(AG66),OR(ISNUMBER(AF66),$K66="Tidak ada")),"Lengkap","Belum lengkap"))
A67: RUAS-066 | B67: Day 3 | C67: KWS-09 | D67: Theo | E67: 2026-08-18 | F67: 12:09 | G67: jl. mojo | H67: 212.7 | I67: Jalan kecil | J67: Sepi | K67: Tidak ada | M67: 4.3 | O67: tidak ada | Q67: Ya | T67: 5 | U67: 0 | V67: 45.1 | W67: Di bawah 25 persen | X67: 199 | Y67: 2 | AA67: 2 | AB67: 1.07 | AC67: =IF($K67="","",IF($K67="Ada",1,IF($K67="Sebagian",0.5,0))) | AD67: =IF($K67="","",IF($K67="Tidak ada",0,IF($L67="","",MIN($L67/Panduan_W6!$B$9,1)))) | AE67: =IF($K67="","",IF($K67="Tidak ada",0,IF(OR($N67="",$H67=""),"",MAX(0,1-$N67/$H67)))) | AF67: =IF(OR($K67="",$K67="Tidak ada"),"",IF(OR($P67="",$H67=""),"",EXP(-$P67/$H67*100/Panduan_W6!$B$10))) | AG67: =IF($Q67="","",IF($Q67="Tidak",1,0)) | AH67: =IF(ISNUMBER(AC67),Panduan_W6!$B$4,0)+IF(ISNUMBER(AD67),Panduan_W6!$B$5,0)+IF(ISNUMBER(AE67),Panduan_W6!$B$6,0)+IF(ISNUMBER(AF67),Panduan_W6!$B$7,0)+IF(ISNUMBER(AG67),Panduan_W6!$B$8,0) | AI67: =IF(LEFT(AJ67,7)<>"Lengkap","",IF(AJ67="Lengkap (gang)",AG67,(IF(ISNUMBER(AC67),Panduan_W6!$B$4*AC67,0)+IF(ISNUMBER(AD67),Panduan_W6!$B$5*AD67,0)+IF(ISNUMBER(AE67),Panduan_W6!$B$6*AE67,0)+IF(ISNUMBER(AF67),Panduan_W6!$B$7*AF67,0)+IF(ISNUMBER(AG67),Panduan_W6!$B$8*AG67,0))/AH67)) | AJ67: =IF(AND(Panduan_W6!$B$11="Ya",$I67="Gang",$J67="Sepi"),IF(ISNUMBER(AG67),"Lengkap (gang)","Belum lengkap"),IF(AND(ISNUMBER(AC67),ISNUMBER(AD67),ISNUMBER(AE67),ISNUMBER(AG67),OR(ISNUMBER(AF67),$K67="Tidak ada")),"Lengkap","Belum lengkap"))
A68: RUAS-067 | B68: Day 3 | C68: KWS-10 | D68: Delon | E68: 2026-08-18 | F68: 21:27 | G68: Jl. jogja-Solo | H68: 100 | I68: Jalan raya | J68: Ramai | K68: Ada | L68: 1.5 | M68: 30 | N68: 0.5 | O68: pot atau taman | Q68: Ya | R68: 1 | S68: 0 | T68: 2 | U68: 0 | V68: 50 | W68: Nihil | X68: 90 | Z68: kendaraan melaju sangat kencang, tidak ada pohon sama sekali, jalan cukup terang | AA68: 6 | AB68: 1.11 | AC68: =IF($K68="","",IF($K68="Ada",1,IF($K68="Sebagian",0.5,0))) | AD68: =IF($K68="","",IF($K68="Tidak ada",0,IF($L68="","",MIN($L68/Panduan_W6!$B$9,1)))) | AE68: =IF($K68="","",IF($K68="Tidak ada",0,IF(OR($N68="",$H68=""),"",MAX(0,1-$N68/$H68)))) | AF68: =IF(OR($K68="",$K68="Tidak ada"),"",IF(OR($P68="",$H68=""),"",EXP(-$P68/$H68*100/Panduan_W6!$B$10))) | AG68: =IF($Q68="","",IF($Q68="Tidak",1,0)) | AH68: =IF(ISNUMBER(AC68),Panduan_W6!$B$4,0)+IF(ISNUMBER(AD68),Panduan_W6!$B$5,0)+IF(ISNUMBER(AE68),Panduan_W6!$B$6,0)+IF(ISNUMBER(AF68),Panduan_W6!$B$7,0)+IF(ISNUMBER(AG68),Panduan_W6!$B$8,0) | AI68: =IF(LEFT(AJ68,7)<>"Lengkap","",IF(AJ68="Lengkap (gang)",AG68,(IF(ISNUMBER(AC68),Panduan_W6!$B$4*AC68,0)+IF(ISNUMBER(AD68),Panduan_W6!$B$5*AD68,0)+IF(ISNUMBER(AE68),Panduan_W6!$B$6*AE68,0)+IF(ISNUMBER(AF68),Panduan_W6!$B$7*AF68,0)+IF(ISNUMBER(AG68),Panduan_W6!$B$8*AG68,0))/AH68)) | AJ68: =IF(AND(Panduan_W6!$B$11="Ya",$I68="Gang",$J68="Sepi"),IF(ISNUMBER(AG68),"Lengkap (gang)","Belum lengkap"),IF(AND(ISNUMBER(AC68),ISNUMBER(AD68),ISNUMBER(AE68),ISNUMBER(AG68),OR(ISNUMBER(AF68),$K68="Tidak ada")),"Lengkap","Belum lengkap"))
A69: RUAS-068 | B69: Day 3 | C69: KWS-09 | D69: Theo | E69: 2026-08-18 | F69: 13:24 | G69: Jl. Armanto | H69: 181 | I69: Jalan kecil | J69: Sepi | K69: Tidak ada | M69: 3.5 | O69: tidak ada | P69: 0 | Q69: Ya | T69: 3 | V69: 25.9 | W69: 25 sampai 50 persen | X69: 183 | Y69: 2 | AA69: 1 | AB69: 0.99 | AC69: =IF($K69="","",IF($K69="Ada",1,IF($K69="Sebagian",0.5,0))) | AD69: =IF($K69="","",IF($K69="Tidak ada",0,IF($L69="","",MIN($L69/Panduan_W6!$B$9,1)))) | AE69: =IF($K69="","",IF($K69="Tidak ada",0,IF(OR($N69="",$H69=""),"",MAX(0,1-$N69/$H69)))) | AF69: =IF(OR($K69="",$K69="Tidak ada"),"",IF(OR($P69="",$H69=""),"",EXP(-$P69/$H69*100/Panduan_W6!$B$10))) | AG69: =IF($Q69="","",IF($Q69="Tidak",1,0)) | AH69: =IF(ISNUMBER(AC69),Panduan_W6!$B$4,0)+IF(ISNUMBER(AD69),Panduan_W6!$B$5,0)+IF(ISNUMBER(AE69),Panduan_W6!$B$6,0)+IF(ISNUMBER(AF69),Panduan_W6!$B$7,0)+IF(ISNUMBER(AG69),Panduan_W6!$B$8,0) | AI69: =IF(LEFT(AJ69,7)<>"Lengkap","",IF(AJ69="Lengkap (gang)",AG69,(IF(ISNUMBER(AC69),Panduan_W6!$B$4*AC69,0)+IF(ISNUMBER(AD69),Panduan_W6!$B$5*AD69,0)+IF(ISNUMBER(AE69),Panduan_W6!$B$6*AE69,0)+IF(ISNUMBER(AF69),Panduan_W6!$B$7*AF69,0)+IF(ISNUMBER(AG69),Panduan_W6!$B$8*AG69,0))/AH69)) | AJ69: =IF(AND(Panduan_W6!$B$11="Ya",$I69="Gang",$J69="Sepi"),IF(ISNUMBER(AG69),"Lengkap (gang)","Belum lengkap"),IF(AND(ISNUMBER(AC69),ISNUMBER(AD69),ISNUMBER(AE69),ISNUMBER(AG69),OR(ISNUMBER(AF69),$K69="Tidak ada")),"Lengkap","Belum lengkap"))
A70: RUAS-069 | B70: Day 3 | C70: KWS-09 | D70: Theo | E70: 2026-08-18 | F70: 13:33 | G70: JL. Ringroad barat | H70: 865.9 | I70: Jalan raya | J70: Ramai | K70: Tidak ada | M70: 12.8 | O70: pohon | Q70: Ya | R70: 0 | S70: 0 | T70: 9 | U70: 0 | V70: 69.35 | W70: Di bawah 25 persen | X70: 1200 | Y70: 4 | Z70: DIVERIFIKASI 2026-09-08: panjang 865,9 m dan waktu 1.200 detik benar, bukan salah ketik. Kecepatan implisit 0,72 m/s konsisten dengan berjalan kaki. Ruas arteri Ringroad Barat memang disurvei dalam satu penggal panjang. Perlu diingat saat menghitung rata-rata tertimbang panjang di KWS-09. | AA70: 3 | AB70: 0.72 | AC70: =IF($K70="","",IF($K70="Ada",1,IF($K70="Sebagian",0.5,0))) | AD70: =IF($K70="","",IF($K70="Tidak ada",0,IF($L70="","",MIN($L70/Panduan_W6!$B$9,1)))) | AE70: =IF($K70="","",IF($K70="Tidak ada",0,IF(OR($N70="",$H70=""),"",MAX(0,1-$N70/$H70)))) | AF70: =IF(OR($K70="",$K70="Tidak ada"),"",IF(OR($P70="",$H70=""),"",EXP(-$P70/$H70*100/Panduan_W6!$B$10))) | AG70: =IF($Q70="","",IF($Q70="Tidak",1,0)) | AH70: =IF(ISNUMBER(AC70),Panduan_W6!$B$4,0)+IF(ISNUMBER(AD70),Panduan_W6!$B$5,0)+IF(ISNUMBER(AE70),Panduan_W6!$B$6,0)+IF(ISNUMBER(AF70),Panduan_W6!$B$7,0)+IF(ISNUMBER(AG70),Panduan_W6!$B$8,0) | AI70: =IF(LEFT(AJ70,7)<>"Lengkap","",IF(AJ70="Lengkap (gang)",AG70,(IF(ISNUMBER(AC70),Panduan_W6!$B$4*AC70,0)+IF(ISNUMBER(AD70),Panduan_W6!$B$5*AD70,0)+IF(ISNUMBER(AE70),Panduan_W6!$B$6*AE70,0)+IF(ISNUMBER(AF70),Panduan_W6!$B$7*AF70,0)+IF(ISNUMBER(AG70),Panduan_W6!$B$8*AG70,0))/AH70)) | AJ70: =IF(AND(Panduan_W6!$B$11="Ya",$I70="Gang",$J70="Sepi"),IF(ISNUMBER(AG70),"Lengkap (gang)","Belum lengkap"),IF(AND(ISNUMBER(AC70),ISNUMBER(AD70),ISNUMBER(AE70),ISNUMBER(AG70),OR(ISNUMBER(AF70),$K70="Tidak ada")),"Lengkap","Belum lengkap"))
A71: RUAS-070 | B71: Day 3 | C71: KWS-09 | D71: Theo | E71: 2026-08-18 | F71: 16:01 | G71: Jl.Kutilang | H71: 76.7 | I71: Jalan kecil | J71: Sedang | K71: Tidak ada | M71: 3.7 | O71: tidak ada | P71: 0 | Q71: Ya | T71: 3 | V71: 18.6 | W71: Di atas 50 persen | X71: 68 | Y71: 2 | AA71: 2 | AB71: 1.13 | AC71: =IF($K71="","",IF($K71="Ada",1,IF($K71="Sebagian",0.5,0))) | AD71: =IF($K71="","",IF($K71="Tidak ada",0,IF($L71="","",MIN($L71/Panduan_W6!$B$9,1)))) | AE71: =IF($K71="","",IF($K71="Tidak ada",0,IF(OR($N71="",$H71=""),"",MAX(0,1-$N71/$H71)))) | AF71: =IF(OR($K71="",$K71="Tidak ada"),"",IF(OR($P71="",$H71=""),"",EXP(-$P71/$H71*100/Panduan_W6!$B$10))) | AG71: =IF($Q71="","",IF($Q71="Tidak",1,0)) | AH71: =IF(ISNUMBER(AC71),Panduan_W6!$B$4,0)+IF(ISNUMBER(AD71),Panduan_W6!$B$5,0)+IF(ISNUMBER(AE71),Panduan_W6!$B$6,0)+IF(ISNUMBER(AF71),Panduan_W6!$B$7,0)+IF(ISNUMBER(AG71),Panduan_W6!$B$8,0) | AI71: =IF(LEFT(AJ71,7)<>"Lengkap","",IF(AJ71="Lengkap (gang)",AG71,(IF(ISNUMBER(AC71),Panduan_W6!$B$4*AC71,0)+IF(ISNUMBER(AD71),Panduan_W6!$B$5*AD71,0)+IF(ISNUMBER(AE71),Panduan_W6!$B$6*AE71,0)+IF(ISNUMBER(AF71),Panduan_W6!$B$7*AF71,0)+IF(ISNUMBER(AG71),Panduan_W6!$B$8*AG71,0))/AH71)) | AJ71: =IF(AND(Panduan_W6!$B$11="Ya",$I71="Gang",$J71="Sepi"),IF(ISNUMBER(AG71),"Lengkap (gang)","Belum lengkap"),IF(AND(ISNUMBER(AC71),ISNUMBER(AD71),ISNUMBER(AE71),ISNUMBER(AG71),OR(ISNUMBER(AF71),$K71="Tidak ada")),"Lengkap","Belum lengkap"))
A72: RUAS-071 | B72: Day 3 | C72: KWS-09 | D72: Theo | E72: 2026-08-18 | F72: 16:12 | G72: Jl.Berkisar | H72: 73.5 | I72: Jalan kecil | J72: Sepi | M72: 3.8 | O72: tidak ada | P72: 0 | Q72: Ya | T72: 7 | U72: 0 | V72: 7.5 | W72: Di atas 50 persen | X72: 67 | Y72: 1 | AA72: 2 | AB72: 1.1 | AC72: =IF($K72="","",IF($K72="Ada",1,IF($K72="Sebagian",0.5,0))) | AD72: =IF($K72="","",IF($K72="Tidak ada",0,IF($L72="","",MIN($L72/Panduan_W6!$B$9,1)))) | AE72: =IF($K72="","",IF($K72="Tidak ada",0,IF(OR($N72="",$H72=""),"",MAX(0,1-$N72/$H72)))) | AF72: =IF(OR($K72="",$K72="Tidak ada"),"",IF(OR($P72="",$H72=""),"",EXP(-$P72/$H72*100/Panduan_W6!$B$10))) | AG72: =IF($Q72="","",IF($Q72="Tidak",1,0)) | AH72: =IF(ISNUMBER(AC72),Panduan_W6!$B$4,0)+IF(ISNUMBER(AD72),Panduan_W6!$B$5,0)+IF(ISNUMBER(AE72),Panduan_W6!$B$6,0)+IF(ISNUMBER(AF72),Panduan_W6!$B$7,0)+IF(ISNUMBER(AG72),Panduan_W6!$B$8,0) | AI72: =IF(LEFT(AJ72,7)<>"Lengkap","",IF(AJ72="Lengkap (gang)",AG72,(IF(ISNUMBER(AC72),Panduan_W6!$B$4*AC72,0)+IF(ISNUMBER(AD72),Panduan_W6!$B$5*AD72,0)+IF(ISNUMBER(AE72),Panduan_W6!$B$6*AE72,0)+IF(ISNUMBER(AF72),Panduan_W6!$B$7*AF72,0)+IF(ISNUMBER(AG72),Panduan_W6!$B$8*AG72,0))/AH72)) | AJ72: =IF(AND(Panduan_W6!$B$11="Ya",$I72="Gang",$J72="Sepi"),IF(ISNUMBER(AG72),"Lengkap (gang)","Belum lengkap"),IF(AND(ISNUMBER(AC72),ISNUMBER(AD72),ISNUMBER(AE72),ISNUMBER(AG72),OR(ISNUMBER(AF72),$K72="Tidak ada")),"Lengkap","Belum lengkap"))
A73: RUAS-072 | B73: Day 3 | C73: KWS-09 | D73: Theo | E73: 2026-08-18 | F73: 16:26 | G73: Jl.Murai | H73: 178.34 | I73: Jalan kecil | J73: Sepi | K73: Tidak ada | M73: 5.3 | O73: tidak ada | P73: 0 | Q73: Ya | T73: 10 | U73: 0 | V73: 16.28 | W73: Di atas 50 persen | X73: 157 | Y73: 2 | AA73: 2 | AB73: 1.14 | AC73: =IF($K73="","",IF($K73="Ada",1,IF($K73="Sebagian",0.5,0))) | AD73: =IF($K73="","",IF($K73="Tidak ada",0,IF($L73="","",MIN($L73/Panduan_W6!$B$9,1)))) | AE73: =IF($K73="","",IF($K73="Tidak ada",0,IF(OR($N73="",$H73=""),"",MAX(0,1-$N73/$H73)))) | AF73: =IF(OR($K73="",$K73="Tidak ada"),"",IF(OR($P73="",$H73=""),"",EXP(-$P73/$H73*100/Panduan_W6!$B$10))) | AG73: =IF($Q73="","",IF($Q73="Tidak",1,0)) | AH73: =IF(ISNUMBER(AC73),Panduan_W6!$B$4,0)+IF(ISNUMBER(AD73),Panduan_W6!$B$5,0)+IF(ISNUMBER(AE73),Panduan_W6!$B$6,0)+IF(ISNUMBER(AF73),Panduan_W6!$B$7,0)+IF(ISNUMBER(AG73),Panduan_W6!$B$8,0) | AI73: =IF(LEFT(AJ73,7)<>"Lengkap","",IF(AJ73="Lengkap (gang)",AG73,(IF(ISNUMBER(AC73),Panduan_W6!$B$4*AC73,0)+IF(ISNUMBER(AD73),Panduan_W6!$B$5*AD73,0)+IF(ISNUMBER(AE73),Panduan_W6!$B$6*AE73,0)+IF(ISNUMBER(AF73),Panduan_W6!$B$7*AF73,0)+IF(ISNUMBER(AG73),Panduan_W6!$B$8*AG73,0))/AH73)) | AJ73: =IF(AND(Panduan_W6!$B$11="Ya",$I73="Gang",$J73="Sepi"),IF(ISNUMBER(AG73),"Lengkap (gang)","Belum lengkap"),IF(AND(ISNUMBER(AC73),ISNUMBER(AD73),ISNUMBER(AE73),ISNUMBER(AG73),OR(ISNUMBER(AF73),$K73="Tidak ada")),"Lengkap","Belum lengkap"))
A74: RUAS-073 | B74: Day 3 | C74: KWS-10 | D74: Delon | E74: 2026-08-18 | F74: 21:34 | G74: Jl. Jogja-Solo | H74: 171 | I74: Jalan raya | J74: Ramai | K74: Ada | L74: 1.5 | M74: 30 | N74: 0 | O74: beton | P74: 4 | Q74: Tidak | R74: 1 | T74: 3 | U74: 1 | W74: Nihil | X74: 226 | Z74: ada beton kotak2 menutup menghalangibarea pejalan kaki | AA74: 6 | AB74: 0.76 | AC74: =IF($K74="","",IF($K74="Ada",1,IF($K74="Sebagian",0.5,0))) | AD74: =IF($K74="","",IF($K74="Tidak ada",0,IF($L74="","",MIN($L74/Panduan_W6!$B$9,1)))) | AE74: =IF($K74="","",IF($K74="Tidak ada",0,IF(OR($N74="",$H74=""),"",MAX(0,1-$N74/$H74)))) | AF74: =IF(OR($K74="",$K74="Tidak ada"),"",IF(OR($P74="",$H74=""),"",EXP(-$P74/$H74*100/Panduan_W6!$B$10))) | AG74: =IF($Q74="","",IF($Q74="Tidak",1,0)) | AH74: =IF(ISNUMBER(AC74),Panduan_W6!$B$4,0)+IF(ISNUMBER(AD74),Panduan_W6!$B$5,0)+IF(ISNUMBER(AE74),Panduan_W6!$B$6,0)+IF(ISNUMBER(AF74),Panduan_W6!$B$7,0)+IF(ISNUMBER(AG74),Panduan_W6!$B$8,0) | AI74: =IF(LEFT(AJ74,7)<>"Lengkap","",IF(AJ74="Lengkap (gang)",AG74,(IF(ISNUMBER(AC74),Panduan_W6!$B$4*AC74,0)+IF(ISNUMBER(AD74),Panduan_W6!$B$5*AD74,0)+IF(ISNUMBER(AE74),Panduan_W6!$B$6*AE74,0)+IF(ISNUMBER(AF74),Panduan_W6!$B$7*AF74,0)+IF(ISNUMBER(AG74),Panduan_W6!$B$8*AG74,0))/AH74)) | AJ74: =IF(AND(Panduan_W6!$B$11="Ya",$I74="Gang",$J74="Sepi"),IF(ISNUMBER(AG74),"Lengkap (gang)","Belum lengkap"),IF(AND(ISNUMBER(AC74),ISNUMBER(AD74),ISNUMBER(AE74),ISNUMBER(AG74),OR(ISNUMBER(AF74),$K74="Tidak ada")),"Lengkap","Belum lengkap"))
A75: RUAS-074 | B75: Day 3 | C75: KWS-10 | D75: Delon | E75: 2026-08-18 | F75: 21:41 | G75: Karangploso, Maguwoharjo, Depok, Sleman Regency, Special Region of Yogyakarta 55281 | H75: 55 | I75: Gang | J75: Sepi | K75: Tidak ada | L75: 0 | M75: 6 | N75: 0 | O75: tidak ada | P75: 0 | Q75: Ya | R75: 0 | S75: 0 | T75: 4 | U75: 0 | W75: 25 sampai 50 persen | X75: 54 | Z75: jalan mengecil, jakan berupa semen dan pavibg | AA75: 1 | AB75: 1.02 | AC75: =IF($K75="","",IF($K75="Ada",1,IF($K75="Sebagian",0.5,0))) | AD75: =IF($K75="","",IF($K75="Tidak ada",0,IF($L75="","",MIN($L75/Panduan_W6!$B$9,1)))) | AE75: =IF($K75="","",IF($K75="Tidak ada",0,IF(OR($N75="",$H75=""),"",MAX(0,1-$N75/$H75)))) | AF75: =IF(OR($K75="",$K75="Tidak ada"),"",IF(OR($P75="",$H75=""),"",EXP(-$P75/$H75*100/Panduan_W6!$B$10))) | AG75: =IF($Q75="","",IF($Q75="Tidak",1,0)) | AH75: =IF(ISNUMBER(AC75),Panduan_W6!$B$4,0)+IF(ISNUMBER(AD75),Panduan_W6!$B$5,0)+IF(ISNUMBER(AE75),Panduan_W6!$B$6,0)+IF(ISNUMBER(AF75),Panduan_W6!$B$7,0)+IF(ISNUMBER(AG75),Panduan_W6!$B$8,0) | AI75: =IF(LEFT(AJ75,7)<>"Lengkap","",IF(AJ75="Lengkap (gang)",AG75,(IF(ISNUMBER(AC75),Panduan_W6!$B$4*AC75,0)+IF(ISNUMBER(AD75),Panduan_W6!$B$5*AD75,0)+IF(ISNUMBER(AE75),Panduan_W6!$B$6*AE75,0)+IF(ISNUMBER(AF75),Panduan_W6!$B$7*AF75,0)+IF(ISNUMBER(AG75),Panduan_W6!$B$8*AG75,0))/AH75)) | AJ75: =IF(AND(Panduan_W6!$B$11="Ya",$I75="Gang",$J75="Sepi"),IF(ISNUMBER(AG75),"Lengkap (gang)","Belum lengkap"),IF(AND(ISNUMBER(AC75),ISNUMBER(AD75),ISNUMBER(AE75),ISNUMBER(AG75),OR(ISNUMBER(AF75),$K75="Tidak ada")),"Lengkap","Belum lengkap"))
A76: RUAS-075 | B76: Day 3 | C76: KWS-10 | D76: Delon | E76: 2026-08-18 | F76: 21:55 | G76: RW 058 Padukuhan Sambilegi Kidul, Maguwoharjo | H76: 54 | I76: Gang | J76: Sepi | K76: Tidak ada | L76: 0 | M76: 3.5 | O76: tidak ada | P76: 0 | Q76: Ya | R76: 0 | S76: 0 | T76: 7 | U76: 0 | W76: Nihil | X76: 53 | Z76: jalan paving, terang, banyak hmbul-umbul merah putih bekas 17 agustus | AA76: 1 | AB76: 1.02 | AC76: =IF($K76="","",IF($K76="Ada",1,IF($K76="Sebagian",0.5,0))) | AD76: =IF($K76="","",IF($K76="Tidak ada",0,IF($L76="","",MIN($L76/Panduan_W6!$B$9,1)))) | AE76: =IF($K76="","",IF($K76="Tidak ada",0,IF(OR($N76="",$H76=""),"",MAX(0,1-$N76/$H76)))) | AF76: =IF(OR($K76="",$K76="Tidak ada"),"",IF(OR($P76="",$H76=""),"",EXP(-$P76/$H76*100/Panduan_W6!$B$10))) | AG76: =IF($Q76="","",IF($Q76="Tidak",1,0)) | AH76: =IF(ISNUMBER(AC76),Panduan_W6!$B$4,0)+IF(ISNUMBER(AD76),Panduan_W6!$B$5,0)+IF(ISNUMBER(AE76),Panduan_W6!$B$6,0)+IF(ISNUMBER(AF76),Panduan_W6!$B$7,0)+IF(ISNUMBER(AG76),Panduan_W6!$B$8,0) | AI76: =IF(LEFT(AJ76,7)<>"Lengkap","",IF(AJ76="Lengkap (gang)",AG76,(IF(ISNUMBER(AC76),Panduan_W6!$B$4*AC76,0)+IF(ISNUMBER(AD76),Panduan_W6!$B$5*AD76,0)+IF(ISNUMBER(AE76),Panduan_W6!$B$6*AE76,0)+IF(ISNUMBER(AF76),Panduan_W6!$B$7*AF76,0)+IF(ISNUMBER(AG76),Panduan_W6!$B$8*AG76,0))/AH76)) | AJ76: =IF(AND(Panduan_W6!$B$11="Ya",$I76="Gang",$J76="Sepi"),IF(ISNUMBER(AG76),"Lengkap (gang)","Belum lengkap"),IF(AND(ISNUMBER(AC76),ISNUMBER(AD76),ISNUMBER(AE76),ISNUMBER(AG76),OR(ISNUMBER(AF76),$K76="Tidak ada")),"Lengkap","Belum lengkap"))
A77: RUAS-076 | B77: Day 3 | C77: KWS-10 | D77: Delon | E77: 2026-08-18 | F77: 22:05 | G77: Jl. Jogja-Solo | H77: 72 | I77: Jalan raya | J77: Ramai | K77: Ada | L77: 1 | M77: 30 | O77: tidak ada | Q77: Tidak | R77: 1 | S77: 0 | T77: 2 | U77: 0 | W77: Nihil | X77: 72 | AA77: 3 | AB77: 1 | AC77: =IF($K77="","",IF($K77="Ada",1,IF($K77="Sebagian",0.5,0))) | AD77: =IF($K77="","",IF($K77="Tidak ada",0,IF($L77="","",MIN($L77/Panduan_W6!$B$9,1)))) | AE77: =IF($K77="","",IF($K77="Tidak ada",0,IF(OR($N77="",$H77=""),"",MAX(0,1-$N77/$H77)))) | AF77: =IF(OR($K77="",$K77="Tidak ada"),"",IF(OR($P77="",$H77=""),"",EXP(-$P77/$H77*100/Panduan_W6!$B$10))) | AG77: =IF($Q77="","",IF($Q77="Tidak",1,0)) | AH77: =IF(ISNUMBER(AC77),Panduan_W6!$B$4,0)+IF(ISNUMBER(AD77),Panduan_W6!$B$5,0)+IF(ISNUMBER(AE77),Panduan_W6!$B$6,0)+IF(ISNUMBER(AF77),Panduan_W6!$B$7,0)+IF(ISNUMBER(AG77),Panduan_W6!$B$8,0) | AI77: =IF(LEFT(AJ77,7)<>"Lengkap","",IF(AJ77="Lengkap (gang)",AG77,(IF(ISNUMBER(AC77),Panduan_W6!$B$4*AC77,0)+IF(ISNUMBER(AD77),Panduan_W6!$B$5*AD77,0)+IF(ISNUMBER(AE77),Panduan_W6!$B$6*AE77,0)+IF(ISNUMBER(AF77),Panduan_W6!$B$7*AF77,0)+IF(ISNUMBER(AG77),Panduan_W6!$B$8*AG77,0))/AH77)) | AJ77: =IF(AND(Panduan_W6!$B$11="Ya",$I77="Gang",$J77="Sepi"),IF(ISNUMBER(AG77),"Lengkap (gang)","Belum lengkap"),IF(AND(ISNUMBER(AC77),ISNUMBER(AD77),ISNUMBER(AE77),ISNUMBER(AG77),OR(ISNUMBER(AF77),$K77="Tidak ada")),"Lengkap","Belum lengkap"))
A78: RUAS-077 | B78: Day 4 | C78: KWS-01 | D78: Devon | E78: 2026-08-24 | F78: 16:26 | G78: Jl. Raya Janti | H78: 190 | I78: Jalan kecil | J78: Sedang | K78: Sebagian | L78: 0.4 | M78: 3 | N78: 45 | O78: jalan masuk bengkel | P78: 1 | Q78: Ya | R78: 0 | S78: 0 | T78: 3 | U78: 0 | V78: 30 | W78: Di atas 50 persen | X78: 157 | Y78: 3 | Z78: Trotoar sempit. Terhalang wadah bendera dan jalan naik mobil | AA78: 1 | AB78: 1.21 | AC78: =IF($K78="","",IF($K78="Ada",1,IF($K78="Sebagian",0.5,0))) | AD78: =IF($K78="","",IF($K78="Tidak ada",0,IF($L78="","",MIN($L78/Panduan_W6!$B$9,1)))) | AE78: =IF($K78="","",IF($K78="Tidak ada",0,IF(OR($N78="",$H78=""),"",MAX(0,1-$N78/$H78)))) | AF78: =IF(OR($K78="",$K78="Tidak ada"),"",IF(OR($P78="",$H78=""),"",EXP(-$P78/$H78*100/Panduan_W6!$B$10))) | AG78: =IF($Q78="","",IF($Q78="Tidak",1,0)) | AH78: =IF(ISNUMBER(AC78),Panduan_W6!$B$4,0)+IF(ISNUMBER(AD78),Panduan_W6!$B$5,0)+IF(ISNUMBER(AE78),Panduan_W6!$B$6,0)+IF(ISNUMBER(AF78),Panduan_W6!$B$7,0)+IF(ISNUMBER(AG78),Panduan_W6!$B$8,0) | AI78: =IF(LEFT(AJ78,7)<>"Lengkap","",IF(AJ78="Lengkap (gang)",AG78,(IF(ISNUMBER(AC78),Panduan_W6!$B$4*AC78,0)+IF(ISNUMBER(AD78),Panduan_W6!$B$5*AD78,0)+IF(ISNUMBER(AE78),Panduan_W6!$B$6*AE78,0)+IF(ISNUMBER(AF78),Panduan_W6!$B$7*AF78,0)+IF(ISNUMBER(AG78),Panduan_W6!$B$8*AG78,0))/AH78)) | AJ78: =IF(AND(Panduan_W6!$B$11="Ya",$I78="Gang",$J78="Sepi"),IF(ISNUMBER(AG78),"Lengkap (gang)","Belum lengkap"),IF(AND(ISNUMBER(AC78),ISNUMBER(AD78),ISNUMBER(AE78),ISNUMBER(AG78),OR(ISNUMBER(AF78),$K78="Tidak ada")),"Lengkap","Belum lengkap"))
A79: RUAS-078 | B79: Day 4 | C79: KWS-01 | D79: Devon | E79: 2026-08-24 | F79: 16:36 | G79: Gg. Kruwing 1 | H79: 50 | I79: Gang | J79: Sepi | K79: Tidak ada | L79: 0 | M79: 2.5 | N79: 0 | O79: tidak ada | P79: 0 | Q79: Ya | R79: 0 | S79: 0 | T79: 0 | U79: 0 | V79: 0 | W79: Di bawah 25 persen | X79: 47 | Y79: 2 | AA79: 1 | AB79: 1.06 | AC79: =IF($K79="","",IF($K79="Ada",1,IF($K79="Sebagian",0.5,0))) | AD79: =IF($K79="","",IF($K79="Tidak ada",0,IF($L79="","",MIN($L79/Panduan_W6!$B$9,1)))) | AE79: =IF($K79="","",IF($K79="Tidak ada",0,IF(OR($N79="",$H79=""),"",MAX(0,1-$N79/$H79)))) | AF79: =IF(OR($K79="",$K79="Tidak ada"),"",IF(OR($P79="",$H79=""),"",EXP(-$P79/$H79*100/Panduan_W6!$B$10))) | AG79: =IF($Q79="","",IF($Q79="Tidak",1,0)) | AH79: =IF(ISNUMBER(AC79),Panduan_W6!$B$4,0)+IF(ISNUMBER(AD79),Panduan_W6!$B$5,0)+IF(ISNUMBER(AE79),Panduan_W6!$B$6,0)+IF(ISNUMBER(AF79),Panduan_W6!$B$7,0)+IF(ISNUMBER(AG79),Panduan_W6!$B$8,0) | AI79: =IF(LEFT(AJ79,7)<>"Lengkap","",IF(AJ79="Lengkap (gang)",AG79,(IF(ISNUMBER(AC79),Panduan_W6!$B$4*AC79,0)+IF(ISNUMBER(AD79),Panduan_W6!$B$5*AD79,0)+IF(ISNUMBER(AE79),Panduan_W6!$B$6*AE79,0)+IF(ISNUMBER(AF79),Panduan_W6!$B$7*AF79,0)+IF(ISNUMBER(AG79),Panduan_W6!$B$8*AG79,0))/AH79)) | AJ79: =IF(AND(Panduan_W6!$B$11="Ya",$I79="Gang",$J79="Sepi"),IF(ISNUMBER(AG79),"Lengkap (gang)","Belum lengkap"),IF(AND(ISNUMBER(AC79),ISNUMBER(AD79),ISNUMBER(AE79),ISNUMBER(AG79),OR(ISNUMBER(AF79),$K79="Tidak ada")),"Lengkap","Belum lengkap"))
A80: RUAS-079 | B80: Day 4 | C80: KWS-01 | D80: Devon | E80: 2026-08-24 | F80: 16:37 | G80: Gg. Kruwing 1 | H80: 140 | I80: Gang | J80: Sepi | K80: Tidak ada | L80: 0 | M80: 3 | N80: 0 | O80: tidak ada | P80: 0 | Q80: Ya | R80: 0 | S80: 0 | T80: 1 | U80: 0 | V80: 0 | W80: Nihil | X80: 119 | Y80: 2 | Z80: minim lampu jalan. sumber utama penerangan hanya berasal dari lampu rumah warga. Ada cermin pertigaan yang tidak berfungsi | AA80: 1 | AB80: 1.18 | AC80: =IF($K80="","",IF($K80="Ada",1,IF($K80="Sebagian",0.5,0))) | AD80: =IF($K80="","",IF($K80="Tidak ada",0,IF($L80="","",MIN($L80/Panduan_W6!$B$9,1)))) | AE80: =IF($K80="","",IF($K80="Tidak ada",0,IF(OR($N80="",$H80=""),"",MAX(0,1-$N80/$H80)))) | AF80: =IF(OR($K80="",$K80="Tidak ada"),"",IF(OR($P80="",$H80=""),"",EXP(-$P80/$H80*100/Panduan_W6!$B$10))) | AG80: =IF($Q80="","",IF($Q80="Tidak",1,0)) | AH80: =IF(ISNUMBER(AC80),Panduan_W6!$B$4,0)+IF(ISNUMBER(AD80),Panduan_W6!$B$5,0)+IF(ISNUMBER(AE80),Panduan_W6!$B$6,0)+IF(ISNUMBER(AF80),Panduan_W6!$B$7,0)+IF(ISNUMBER(AG80),Panduan_W6!$B$8,0) | AI80: =IF(LEFT(AJ80,7)<>"Lengkap","",IF(AJ80="Lengkap (gang)",AG80,(IF(ISNUMBER(AC80),Panduan_W6!$B$4*AC80,0)+IF(ISNUMBER(AD80),Panduan_W6!$B$5*AD80,0)+IF(ISNUMBER(AE80),Panduan_W6!$B$6*AE80,0)+IF(ISNUMBER(AF80),Panduan_W6!$B$7*AF80,0)+IF(ISNUMBER(AG80),Panduan_W6!$B$8*AG80,0))/AH80)) | AJ80: =IF(AND(Panduan_W6!$B$11="Ya",$I80="Gang",$J80="Sepi"),IF(ISNUMBER(AG80),"Lengkap (gang)","Belum lengkap"),IF(AND(ISNUMBER(AC80),ISNUMBER(AD80),ISNUMBER(AE80),ISNUMBER(AG80),OR(ISNUMBER(AF80),$K80="Tidak ada")),"Lengkap","Belum lengkap"))
A81: RUAS-080 | B81: Day 4 | C81: KWS-01 | D81: Devon | E81: 2026-08-24 | F81: 17:04 | G81: Jl. Raya Janti | H81: 180 | I81: Jalan kecil | J81: Sedang | K81: Sebagian | L81: 1 | M81: 3 | N81: 160 | O81: pedagang kaki lima | P81: 5 | Q81: Ya | R81: 0 | S81: 0 | T81: 3 | U81: 0 | V81: 40 | W81: Di bawah 25 persen | X81: 152 | Y81: 4 | Z81: Trotoar basah karna dipakai jualan | AA81: 1 | AB81: 1.18 | AC81: =IF($K81="","",IF($K81="Ada",1,IF($K81="Sebagian",0.5,0))) | AD81: =IF($K81="","",IF($K81="Tidak ada",0,IF($L81="","",MIN($L81/Panduan_W6!$B$9,1)))) | AE81: =IF($K81="","",IF($K81="Tidak ada",0,IF(OR($N81="",$H81=""),"",MAX(0,1-$N81/$H81)))) | AF81: =IF(OR($K81="",$K81="Tidak ada"),"",IF(OR($P81="",$H81=""),"",EXP(-$P81/$H81*100/Panduan_W6!$B$10))) | AG81: =IF($Q81="","",IF($Q81="Tidak",1,0)) | AH81: =IF(ISNUMBER(AC81),Panduan_W6!$B$4,0)+IF(ISNUMBER(AD81),Panduan_W6!$B$5,0)+IF(ISNUMBER(AE81),Panduan_W6!$B$6,0)+IF(ISNUMBER(AF81),Panduan_W6!$B$7,0)+IF(ISNUMBER(AG81),Panduan_W6!$B$8,0) | AI81: =IF(LEFT(AJ81,7)<>"Lengkap","",IF(AJ81="Lengkap (gang)",AG81,(IF(ISNUMBER(AC81),Panduan_W6!$B$4*AC81,0)+IF(ISNUMBER(AD81),Panduan_W6!$B$5*AD81,0)+IF(ISNUMBER(AE81),Panduan_W6!$B$6*AE81,0)+IF(ISNUMBER(AF81),Panduan_W6!$B$7*AF81,0)+IF(ISNUMBER(AG81),Panduan_W6!$B$8*AG81,0))/AH81)) | AJ81: =IF(AND(Panduan_W6!$B$11="Ya",$I81="Gang",$J81="Sepi"),IF(ISNUMBER(AG81),"Lengkap (gang)","Belum lengkap"),IF(AND(ISNUMBER(AC81),ISNUMBER(AD81),ISNUMBER(AE81),ISNUMBER(AG81),OR(ISNUMBER(AF81),$K81="Tidak ada")),"Lengkap","Belum lengkap"))
A82: RUAS-081 | B82: Day 4 | C82: KWS-01 | D82: Devon | E82: 2026-08-24 | F82: 17:05 | G82: Gg. Kruwing | H82: 170 | I82: Gang | J82: Sepi | K82: Tidak ada | L82: 0 | M82: 4 | N82: 0 | O82: tidak ada | P82: 4 | Q82: Ya | R82: 0 | S82: 0 | T82: 4 | U82: 0 | V82: 35 | W82: Di bawah 25 persen | X82: 144 | Y82: 2 | Z82: bersebalahn persis dengan rel kereta api | AA82: 1 | AB82: 1.18 | AC82: =IF($K82="","",IF($K82="Ada",1,IF($K82="Sebagian",0.5,0))) | AD82: =IF($K82="","",IF($K82="Tidak ada",0,IF($L82="","",MIN($L82/Panduan_W6!$B$9,1)))) | AE82: =IF($K82="","",IF($K82="Tidak ada",0,IF(OR($N82="",$H82=""),"",MAX(0,1-$N82/$H82)))) | AF82: =IF(OR($K82="",$K82="Tidak ada"),"",IF(OR($P82="",$H82=""),"",EXP(-$P82/$H82*100/Panduan_W6!$B$10))) | AG82: =IF($Q82="","",IF($Q82="Tidak",1,0)) | AH82: =IF(ISNUMBER(AC82),Panduan_W6!$B$4,0)+IF(ISNUMBER(AD82),Panduan_W6!$B$5,0)+IF(ISNUMBER(AE82),Panduan_W6!$B$6,0)+IF(ISNUMBER(AF82),Panduan_W6!$B$7,0)+IF(ISNUMBER(AG82),Panduan_W6!$B$8,0) | AI82: =IF(LEFT(AJ82,7)<>"Lengkap","",IF(AJ82="Lengkap (gang)",AG82,(IF(ISNUMBER(AC82),Panduan_W6!$B$4*AC82,0)+IF(ISNUMBER(AD82),Panduan_W6!$B$5*AD82,0)+IF(ISNUMBER(AE82),Panduan_W6!$B$6*AE82,0)+IF(ISNUMBER(AF82),Panduan_W6!$B$7*AF82,0)+IF(ISNUMBER(AG82),Panduan_W6!$B$8*AG82,0))/AH82)) | AJ82: =IF(AND(Panduan_W6!$B$11="Ya",$I82="Gang",$J82="Sepi"),IF(ISNUMBER(AG82),"Lengkap (gang)","Belum lengkap"),IF(AND(ISNUMBER(AC82),ISNUMBER(AD82),ISNUMBER(AE82),ISNUMBER(AG82),OR(ISNUMBER(AF82),$K82="Tidak ada")),"Lengkap","Belum lengkap"))
A83: RUAS-082 | B83: Day 4 | C83: KWS-01 | D83: Devon | E83: 2026-08-24 | F83: 17:13 | G83: Gg. Kruwing | H83: 110 | I83: Gang | J83: Sepi | K83: Tidak ada | L83: 0 | M83: 4 | N83: 0 | O83: parkir motor | P83: 0 | Q83: Ya | R83: 0 | S83: 0 | T83: 5 | U83: 0 | V83: 20 | W83: Di bawah 25 persen | X83: 96 | Y83: 2 | Z83: bersevelahan persis dengan rel kereta api. sumber penerangan lampu gantung | AA83: 1 | AB83: 1.15 | AC83: =IF($K83="","",IF($K83="Ada",1,IF($K83="Sebagian",0.5,0))) | AD83: =IF($K83="","",IF($K83="Tidak ada",0,IF($L83="","",MIN($L83/Panduan_W6!$B$9,1)))) | AE83: =IF($K83="","",IF($K83="Tidak ada",0,IF(OR($N83="",$H83=""),"",MAX(0,1-$N83/$H83)))) | AF83: =IF(OR($K83="",$K83="Tidak ada"),"",IF(OR($P83="",$H83=""),"",EXP(-$P83/$H83*100/Panduan_W6!$B$10))) | AG83: =IF($Q83="","",IF($Q83="Tidak",1,0)) | AH83: =IF(ISNUMBER(AC83),Panduan_W6!$B$4,0)+IF(ISNUMBER(AD83),Panduan_W6!$B$5,0)+IF(ISNUMBER(AE83),Panduan_W6!$B$6,0)+IF(ISNUMBER(AF83),Panduan_W6!$B$7,0)+IF(ISNUMBER(AG83),Panduan_W6!$B$8,0) | AI83: =IF(LEFT(AJ83,7)<>"Lengkap","",IF(AJ83="Lengkap (gang)",AG83,(IF(ISNUMBER(AC83),Panduan_W6!$B$4*AC83,0)+IF(ISNUMBER(AD83),Panduan_W6!$B$5*AD83,0)+IF(ISNUMBER(AE83),Panduan_W6!$B$6*AE83,0)+IF(ISNUMBER(AF83),Panduan_W6!$B$7*AF83,0)+IF(ISNUMBER(AG83),Panduan_W6!$B$8*AG83,0))/AH83)) | AJ83: =IF(AND(Panduan_W6!$B$11="Ya",$I83="Gang",$J83="Sepi"),IF(ISNUMBER(AG83),"Lengkap (gang)","Belum lengkap"),IF(AND(ISNUMBER(AC83),ISNUMBER(AD83),ISNUMBER(AE83),ISNUMBER(AG83),OR(ISNUMBER(AF83),$K83="Tidak ada")),"Lengkap","Belum lengkap"))
A84: RUAS-083 | B84: Day 4 | C84: KWS-01 | D84: Devon | E84: 2026-08-24 | F84: 17:30 | G84: Jl. Raya Janti | H84: 200 | I84: Jalan kecil | J84: Sedang | K84: Tidak ada | L84: 0 | M84: 3.5 | N84: 0 | O84: mobil parkir | P84: 1 | Q84: Ya | R84: 0 | S84: 0 | T84: 3 | U84: 0 | V84: 30 | W84: Di bawah 25 persen | X84: 167 | Y84: 2 | Z84: Susah sekali jalan kaki. Banyak penghalang | AA84: 1 | AB84: 1.2 | AC84: =IF($K84="","",IF($K84="Ada",1,IF($K84="Sebagian",0.5,0))) | AD84: =IF($K84="","",IF($K84="Tidak ada",0,IF($L84="","",MIN($L84/Panduan_W6!$B$9,1)))) | AE84: =IF($K84="","",IF($K84="Tidak ada",0,IF(OR($N84="",$H84=""),"",MAX(0,1-$N84/$H84)))) | AF84: =IF(OR($K84="",$K84="Tidak ada"),"",IF(OR($P84="",$H84=""),"",EXP(-$P84/$H84*100/Panduan_W6!$B$10))) | AG84: =IF($Q84="","",IF($Q84="Tidak",1,0)) | AH84: =IF(ISNUMBER(AC84),Panduan_W6!$B$4,0)+IF(ISNUMBER(AD84),Panduan_W6!$B$5,0)+IF(ISNUMBER(AE84),Panduan_W6!$B$6,0)+IF(ISNUMBER(AF84),Panduan_W6!$B$7,0)+IF(ISNUMBER(AG84),Panduan_W6!$B$8,0) | AI84: =IF(LEFT(AJ84,7)<>"Lengkap","",IF(AJ84="Lengkap (gang)",AG84,(IF(ISNUMBER(AC84),Panduan_W6!$B$4*AC84,0)+IF(ISNUMBER(AD84),Panduan_W6!$B$5*AD84,0)+IF(ISNUMBER(AE84),Panduan_W6!$B$6*AE84,0)+IF(ISNUMBER(AF84),Panduan_W6!$B$7*AF84,0)+IF(ISNUMBER(AG84),Panduan_W6!$B$8*AG84,0))/AH84)) | AJ84: =IF(AND(Panduan_W6!$B$11="Ya",$I84="Gang",$J84="Sepi"),IF(ISNUMBER(AG84),"Lengkap (gang)","Belum lengkap"),IF(AND(ISNUMBER(AC84),ISNUMBER(AD84),ISNUMBER(AE84),ISNUMBER(AG84),OR(ISNUMBER(AF84),$K84="Tidak ada")),"Lengkap","Belum lengkap"))
A85: RUAS-084 | B85: Day 4 | C85: KWS-01 | D85: Devon | E85: 2026-08-24 | F85: 17:41 | G85: Jl. Raya Janti | H85: 200 | I85: Jalan kecil | J85: Sepi | K85: Tidak ada | L85: 0 | M85: 3.8 | N85: 0 | O85: mobil parkir | P85: 1 | Q85: Ya | R85: 0 | S85: 0 | T85: 2 | U85: 0 | V85: 0 | W85: Di bawah 25 persen | X85: 177 | Y85: 2 | AA85: 1 | AB85: 1.13 | AC85: =IF($K85="","",IF($K85="Ada",1,IF($K85="Sebagian",0.5,0))) | AD85: =IF($K85="","",IF($K85="Tidak ada",0,IF($L85="","",MIN($L85/Panduan_W6!$B$9,1)))) | AE85: =IF($K85="","",IF($K85="Tidak ada",0,IF(OR($N85="",$H85=""),"",MAX(0,1-$N85/$H85)))) | AF85: =IF(OR($K85="",$K85="Tidak ada"),"",IF(OR($P85="",$H85=""),"",EXP(-$P85/$H85*100/Panduan_W6!$B$10))) | AG85: =IF($Q85="","",IF($Q85="Tidak",1,0)) | AH85: =IF(ISNUMBER(AC85),Panduan_W6!$B$4,0)+IF(ISNUMBER(AD85),Panduan_W6!$B$5,0)+IF(ISNUMBER(AE85),Panduan_W6!$B$6,0)+IF(ISNUMBER(AF85),Panduan_W6!$B$7,0)+IF(ISNUMBER(AG85),Panduan_W6!$B$8,0) | AI85: =IF(LEFT(AJ85,7)<>"Lengkap","",IF(AJ85="Lengkap (gang)",AG85,(IF(ISNUMBER(AC85),Panduan_W6!$B$4*AC85,0)+IF(ISNUMBER(AD85),Panduan_W6!$B$5*AD85,0)+IF(ISNUMBER(AE85),Panduan_W6!$B$6*AE85,0)+IF(ISNUMBER(AF85),Panduan_W6!$B$7*AF85,0)+IF(ISNUMBER(AG85),Panduan_W6!$B$8*AG85,0))/AH85)) | AJ85: =IF(AND(Panduan_W6!$B$11="Ya",$I85="Gang",$J85="Sepi"),IF(ISNUMBER(AG85),"Lengkap (gang)","Belum lengkap"),IF(AND(ISNUMBER(AC85),ISNUMBER(AD85),ISNUMBER(AE85),ISNUMBER(AG85),OR(ISNUMBER(AF85),$K85="Tidak ada")),"Lengkap","Belum lengkap"))

Sheet Halte
A1: ID | B1: Day | C1: Kawasan | D1: Pencatat | E1: Tanggal | F1: Jam | G1: Nama halte | H1: Koridor | I1: Atap | J1: Jumlah tempat duduk | K1: Papan informasi | L1: Jumlah lampu | M1: Lampu rusak fisik | N1: Fasilitas difabel | O1: Durasi tunggu (detik) | P1: Jumlah bus berhenti | Q1: Jam kedatangan bus | R1: Penumpang menunggu | S1: Interval OSM (detik) | T1: Jumlah foto | U1: Catatan | V1: Jumlah kedatangan tercatat
A2: HLT-001 | B2: Day 1 | C2: KWS-06 | D2: Delon | E2: 2026-08-16 | F2: 14:11 | G2: Halte simpang Besi Jakang 2 | I2: Tidak ada | J2: 0 | K2: Tidak ada | L2: 0 | M2: 0 | N2: Tidak ada | O2: 600 | P2: 1 | Q2: 14:13 | R2: 0 | T2: 1 | U2: hanya ada papan penanda bus | V2: 1
A3: HLT-002 | B3: Day 1 | C3: KWS-11 | D3: Andalan | E3: 2026-08-16 | F3: 17:37 | G3: Halte RRU Kentungan | H3: 2B, 3B, 4A, 5B | I3: Ada baik | J3: 1 | K3: Ada terbaca | L3: 2 | M3: 0 | N3: Sebagian | O3: 600 | P3: 2 | Q3: 17:34, 17:45 | R3: 7 | T3: 3 | U3: bangunan halte baik, tapi kosong | V3: 2
A4: HLT-003 | B4: Day 2 | C4: KWS-04 | D4: Delon | E4: 2026-08-17 | F4: 08:30 | G4: Halte KUA Depok Barat | H4: 14 | I4: Tidak ada | J4: 1 | K4: Ada pudar | L4: 0 | M4: 0 | N4: Tidak ada | O4: 600 | P4: 1 | Q4: 08:33 | R4: 1 | T4: 1 | U4: hanya ada papan petubjuk dan penanda bus. papan petubjuk pudar dan tertutup tiang umbul-umbul 17an. ada kursi tetapi sepertunya bukan fasilitas resmu dari trans jogja | V4: 1
A5: HLT-004 | B5: Day 2 | C5: KWS-07 | D5: Theo | E5: 2026-08-17 | F5: 09:01 | G5: Halte TJ RRU JIH | H5: 3B, 5B | I5: Ada baik | J5: 1 | K5: Ada kesobek | L5: 2 | M5: 0 | N5: Tidak ada | O5: 1800 | P5: 2 | Q5: 09:05, 08:43 | R5: 0 | T5: 4 | U5: keadaanya sudah buruk ada yang pecah pintunya rusak serta sudah tidak terkawal sepenuhnya, tapi masih aktif | V5: 2
A6: HLT-005 | B6: Day 2 | C6: KWS-08 | D6: Delon | E6: 2026-08-17 | F6: 09:28 | G6: Halte MAN 2 Sleman Barat | H6: 14 | I6: Ada baik | J6: 1 | K6: Ada terbaca | L6: 0 | M6: 0 | N6: Ada lengkap | O6: 900 | P6: 1 | Q6: 09:38 | R6: 0 | T6: 2 | U6: kondisi bagus, ada atap, kursi kapasitad 5 orang, papan petunjuk rute seluruh trans jogja dan rute koridor 14 | V6: 1
A7: HLT-006 | B7: Day 2 | C7: KWS-03 | D7: Andalan | E7: 2026-08-17 | F7: 10:47 | G7: Halte UPN Veteran | H7: 3A, 5A | I7: Ada baik | J7: 2 | K7: Ada terbaca | L7: 2 | M7: 0 | N7: Ada lengkap | O7: 900 | P7: 2 | Q7: 10:48 | R7: 8 | T7: 2 | U7: rame isinya maba UPN pakai almet, haltenya bagus mungkin krn dekat kampus | V7: 1
A8: HLT-007 | B8: Day 2 | C8: KWS-12 | D8: Delon | E8: 2026-08-17 | F8: 12:11 | G8: TJ RUU Disnaker | H8: 3A, 14 | I8: Ada baik | J8: 2 | K8: Tidak ada | L8: 4 | N8: Sebagian | O8: 600 | P8: 1 | Q8: 12:19 | R8: 0 | T8: 5 | U8: kondisi tidak terawat, tidak ada penjaga maupun petunjuk rute, ada jalan miring untuk prngguna kursi roda di salah satu pintu masuk, ada kursi di luar dan dalam, kursi di luar berkarat dan bolong ada tempat parkir sepeda kapasitas 5 | V8: 1
A9: HLT-008 | B9: Day 2 | C9: KWS-05 | D9: Andalan | E9: 2026-08-17 | F9: 14:07 | G9: Terminal Condongcatur | H9: 2A, 2B, 3A, 3B, 4A, 4B, 5A, 5B, 12 | I9: Ada baik | K9: Ada terbaca | L9: 12 | M9: 1 | N9: Ada lengkap | O9: 600 | P9: 3 | Q9: 14:18, 14:21, 14:23 | R9: 13 | T9: 4 | V9: 3
A10: HLT-009 | B10: Day 2 | C10: KWS-02 | D10: Delon | E10: 2026-08-17 | F10: 15:40 | G10: TPB Polsek Depok | H10: 3A | I10: Tidak ada | J10: 0 | K10: Tidak ada | L10: 0 | M10: 0 | N10: Tidak ada | O10: 600 | P10: 0 | R10: 0 | T10: 1 | U10: hanya ada tangga untuk naik bus, tidak ada penanda atau papan informasi | V10: 0
A11: HLT-010 | B11: Day 3 | C11: KWS-09 | D11: Theo | E11: 2026-08-18 | F11: 10:39 | G11: Halte Nogotirto | H11: 8 | I11: Ada baik | J11: 1 | K11: Ada terbaca | L11: 2 | M11: 1 | N11: Tidak ada | V11: 0
A12: HLT-011 | B12: Day 3 | C12: KWS-10 | D12: Delon | E12: 2026-08-18 | F12: 11:11 | G12: Halte TJ Bandara Adisutcipto | H12: 14, 1A, 1B, 3A, 3B, 5B | I12: Ada baik | K12: Ada terbaca | L12: 10 | M12: 0 | N12: Ada lengkap | O12: 600 | P12: 8 | Q12: 11:13, 11:15, 11:16, 11:16, 11:17, 11:17, 11:18, 11:20 | R12: 19 | T12: 4 | U12: ada 3 penjaga yang menginformasikan rute, banyak penumpang karena merupakan transport hub (halte, KRL, bandara) | V12: 8
A13: HLT-012 | B13: Day 4 | C13: KWS-01 | D13: Andalan | E13: 2026-08-24 | F13: 15:37 | G13: Halte Trans Janti Selatan | H13: 1A, 1B, 5A, 5B | I13: Ada baik | J13: 3 | K13: Ada terbaca | L13: 3 | M13: 0 | N13: Ada lengkap | O13: 600 | P13: 2 | Q13: 16:35, 16:40 | R13: 4 | T13: 3 | U13: di bawah flyover persis, teduh, sepi | V13: 2

Sheet Ekonomi
A1: ID | B1: Day | C1: Kawasan | D1: Pencatat | E1: Tanggal | F1: Jam | G1: Nama titik | H1: Warung makan | I1: Kaki Lima | J1: Fotokopi | K1: Laundry | L1: Minimarket | M1: Apotek | N1: Resto | O1: Usaha lain | P1: Kondisi keramaian | Q1: Jam ramai menurut pedagang | R1: Jumlah foto | S1: Catatan | T1: Total usaha
A2: EKO-001 | B2: Day 1 | C2: KWS-06 | D2: Devon | E2: 2026-08-16 | F2: 14:04 | G2: Perempatan lampu merah Jl.Kaliurang Km 13 | H2: 10 | I2: 3 | J2: 0 | K2: 1 | L2: 2 | M2: 1 | N2: 4 | O2: 25 | P2: Sedang | Q2: ~18.00 | R2: 4 | S2: Warung pak jono, menjual hidangan iga. Jam paling ramai umumnya sehabis maghrib dengan menu paling laris adalah sop iga dan iga bakar yang dibandrol dengan harga 38rb dan 45rb. | T2: 46
A3: EKO-002 | B3: Day 1 | C3: KWS-11 | D3: Theo | E3: 2026-08-16 | F3: 14:04 | G3: Jl.Ringroad Utara | H3: 0 | I3: 1 | J3: 0 | K3: 0 | L3: 1 | M3: 1 | N3: 1 | O3: 7 | P3: Sedang | Q3: 19:00:00 | T3: 11
A4: EKO-003 | B4: Day 2 | C4: KWS-04 | D4: Devon | E4: 2026-08-17 | F4: 09:06 | G4: Jl. Raya Tajem | H4: 2 | I4: 2 | J4: 0 | K4: 1 | L4: 1 | M4: 0 | N4: 2 | O4: 22 | P4: Ramai | T4: 30
A5: EKO-004 | B5: Day 2 | C5: KWS-07 | D5: Theo | E5: 2026-08-17 | F5: 09:20 | G5: Jl. Ringroad Utara | H5: 0 | I5: 0 | J5: 0 | K5: 0 | L5: 0 | M5: 1 | N5: 0 | O5: 7 | P5: Sepi | Q5: - | R5: 3 | T5: 8
A6: EKO-005 | B6: Day 2 | C6: KWS-08 | D6: Delon | E6: 2026-08-17 | F6: 09:44 | G6: Jl. Raya Tajem | H6: 7 | I6: 10 | J6: 1 | K6: 0 | L6: 2 | M6: 0 | N6: 0 | O6: 14 | P6: Ramai | Q6: tidak menentu | R6: 6 | T6: 34
A7: EKO-006 | B7: Day 2 | C7: KWS-12 | D7: Delon | E7: 2026-08-17 | F7: 12:31 | G7: Jl. Ring Road Utara Km 11 | H7: 4 | I7: 1 | J7: 0 | K7: 0 | L7: 1 | M7: 0 | N7: 0 | O7: 3 | P7: Sepi | Q7: - | R7: 5 | T7: 9
A8: EKO-007 | B8: Day 2 | C8: KWS-03 | D8: Theo | E8: 2026-08-17 | F8: 12:42 | G8: Jl. Padjajaran - Jl. perumnas | H8: 4 | I8: 0 | J8: 1 | K8: 2 | L8: 3 | M8: 0 | N8: 2 | O8: 12 | P8: Sedang | Q8: tidak menentu | R8: 20 | T8: 24
A9: EKO-008 | B9: Day 2 | C9: KWS-02 | D9: Delon | E9: 2026-08-17 | F9: 16:07 | G9: Jl. Ring Road Utara, Ngropoh, Condongcatur, Kec. Depok, Kabupaten Sleman, Daerah Istimewa Yogyakarta 55281 | H9: 0 | I9: 1 | J9: 0 | K9: 0 | L9: 1 | M9: 0 | N9: 0 | O9: 9 | P9: Sepi | Q9: - | R9: 6 | T9: 11
A10: EKO-009 | B10: Day 2 | C10: KWS-05 | D10: Theo | E10: 2026-08-17 | F10: 16:24 | G10: JL. Anggajaya | H10: 5 | I10: 2 | J10: 0 | K10: 1 | L10: 2 | M10: 0 | N10: 3 | O10: 3 | P10: Sedang | Q10: / | R10: 1 | T10: 16
A11: EKO-010 | B11: Day 3 | C11: KWS-10 | D11: Delon | E11: 2026-08-18 | F11: 21:09 | G11: Jl. Jogja-Solo | H11: 5 | I11: 10 | J11: 0 | K11: 0 | L11: 1 | M11: 1 | N11: 0 | O11: 11 | P11: Sedang | Q11: - | R11: 4 | T11: 28
A12: EKO-011 | B12: Day 4 | C12: KWS-01 | D12: Andalan | E12: 2026-08-24 | F12: 16:17 | G12: Jl. Raya Janti | H12: 7 | I12: 12 | J12: 1 | K12: 3 | L12: 2 | M12: 3 | N12: 8 | O12: 13 | P12: Ramai | T12: 49
A13: EKO-012 | B13: Day 4 | C13: KWS-09 | D13: Theo | E13: 2026-08-24 | F13: 16:11 | G13: Jl. Ringroad Barat | H13: 2 | I13: 4 | J13: 0 | K13: 0 | L13: 0 | M13: 1 | N13: 4 | O13: 8 | P13: Sedang | T13: 19

Sheet Kos
A1: ID | B1: Day | C1: Kawasan | D1: Pencatat | E1: Tanggal | F1: Jam | G1: Nama atau alamat kos | H1: Jenis | I1: Harga (teks asli) | J1: Listrik | K1: Kamar mandi | L1: Parkir motor | M1: Sumber harga | N1: Jarak ke halte (m) | O1: Jarak ke kampus (m) | P1: Ada spanduk (foto) | Q1: ID ruas terkait | R1: Catatan | S1: Harga median (Rp) | T1: Harga min (Rp) | U1: Harga maks (Rp)
A2: KOS-001 | B2: Day 1 | C2: KWS-06 | D2: Delon | E2: 2026-08-16 | F2: 10:09 | G2: Kos Nawangsari (Candisari, Jl. Kaliurang Km 13) | H2: Putri | I2: 775rb/1.2jt | J2: Termasuk | K2: Dalam | L2: Ada | M2: Tanya pengelola | N2: 350 | O2: 2200 | P2: Ya | Q2: RUAS-002 | S2: 987500 | T2: 775000 | U2: 1200000
A3: KOS-002 | B3: Day 1 | C3: KWS-06 | D3: Andalan | E3: 2026-08-16 | F3: 10:15 | G3: Kost Exsklusif Dahayu (Jl. Mendiro Raya) | H3: Putri | I3: 1.2jt | J3: Token sendiri | K3: Dalam | L3: Ada | M3: Sosial media | N3: 1200 | O3: 2600 | P3: Ya | Q3: RUAS-003 | R3: water heater, smart TV, wifi, kulkas, dapur bersama, kasur bantal guling meja kursi | S3: 1200000 | T3: 1200000 | U3: 1200000
A4: KOS-003 | B4: Day 1 | C4: KWS-06 | D4: Andalan | E4: 2026-08-16 | F4: 10:20 | G4: Kos Dio putri | H4: Putri | I4: 850k-800k-800k | J4: Termasuk | K4: Dalam | L4: Ada | M4: Tanya pengelola | N4: 1250 | O4: 2650 | P4: Ya | Q4: RUAS-003 | S4: 800000 | T4: 800000 | U4: 850000
A5: KOS-004 | B5: Day 1 | C5: KWS-06 | D5: Andalan | E5: 2026-08-16 | F5: 10:57 | G5: Kost Green Villa | H5: Putra | I5: 600rb | J5: Termasuk | K5: Dalam | L5: Ada | M5: Tanya pengelola | N5: 300 | O5: 1700 | P5: Ya | Q5: RUAS-001 | R5: Koordinat dikoreksi manual pemilik repo 2026-09-08: entri sebelumnya lat -7,4904 berada ~17 km di utara wilayah studi. Yang benar -7,701534, 110,415575. | S5: 600000 | T5: 600000 | U5: 600000
A6: KOS-005 | B6: Day 1 | C6: KWS-06 | D6: Devon | E6: 2026-08-16 | F6: 10:50 | G6: Kost Putri Annisa | H6: Putri | I6: 450rb/250rb | J6: Termasuk, bawa alat elektronik sendiri ada menambah | K6: Dalam dan Luar | L6: Ada | M6: Tanya pengelola | N6: 260 | O6: 1700 | P6: Ya | Q6: RUAS-001 | S6: 350000 | T6: 250000 | U6: 450000
A7: KOS-006 | B7: Day 1 | C7: KWS-06 | D7: Andalan | E7: 2026-08-16 | F7: 10:55 | G7: Kost Putra Besi | H7: Putra | I7: 550k | J7: Termasuk | K7: Dalam | L7: Ada | M7: Spanduk atau papan | N7: 250 | O7: 2100 | P7: Ya | Q7: RUAS-001 | S7: 550000 | T7: 550000 | U7: 550000
A8: KOS-007 | B8: Day 1 | C8: KWS-06 | D8: Devon | E8: 2026-08-16 | F8: 13:53 | G8: Kost Putra SANTOSO | H8: Putra | I8: 500rb/750rb | J8: Termasuk | K8: Dalam dan Luar | L8: Ada | M8: Sosial media | N8: 10 | O8: 1400 | P8: Ya | Q8: RUAS-007 | S8: 625000 | T8: 500000 | U8: 750000
A9: KOS-008 | B9: Day 1 | C9: KWS-11 | D9: Andalan | E9: 2026-08-16 | F9: 15:30 | G9: Kost Putri Vidagarin | H9: Putri | I9: 1400000 | J9: Termasuk | K9: Dalam | L9: Ada | M9: Tanya penghuni | N9: 90 | O9: 3000 | P9: Tidak | Q9: RUAS-008 | S9: 1400000 | T9: 1400000 | U9: 1400000
A10: KOS-009 | B10: Day 1 | C10: KWS-11 | D10: Theo | E10: 2026-08-16 | F10: 16:17 | G10: Kost Putri Regulo 68 | H10: Putri | I10: 1jt-1,8jt perbulan | J10: Termasuk | K10: Dalam | L10: Ada | M10: Sosial media | N10: 70 | O10: 2800 | P10: Ya | Q10: RUAS-011 | S10: 1400000 | T10: 1000000 | U10: 1800000
A11: KOS-010 | B11: Day 1 | C11: KWS-04 | D11: Devon | E11: 2026-08-16 | F11: 17:38 | G11: kos pondok durian | H11: Campur | I11: 1.2jt | J11: Token sendiri | K11: Dalam | L11: Ada | M11: Tanya pengelola | N11: 210 | O11: 2000 | P11: Ya | Q11: RUAS-012 | S11: 1200000 | T11: 1200000 | U11: 1200000
A12: KOS-011 | B12: Day 1 | C12: KWS-04 | D12: Devon | E12: 2026-08-16 | F12: 17:54 | G12: Kos Vi-three | H12: Putra | I12: 650rb/900rb | J12: Token sendiri | K12: Dalam | L12: Ada | M12: Sosial media | N12: 220 | O12: 2000 | P12: Tidak | Q12: RUAS-012 | S12: 775000 | T12: 650000 | U12: 900000
A13: KOS-012 | B13: Day 2 | C13: KWS-07 | D13: Andalan | E13: 2026-08-17 | F13: 08:33 | G13: Kost Exclusive Rukita | H13: Putri | I13: 850rb-1,45jt | J13: Token sendiri | K13: Dalam | L13: Ada | M13: Sosial media | N13: 20 | O13: 1400 | P13: Ya | Q13: RUAS-022 | S13: 1150000 | T13: 850000 | U13: 1450000
A14: KOS-013 | B14: Day 2 | C14: KWS-08 | D14: Devon | E14: 2026-08-17 | F14: 10:19 | G14: Kos Isvara | H14: Putri | I14: 1jt | J14: Token sendiri | K14: Dalam | L14: Ada | M14: Sosial media | N14: 120 | O14: 2400 | P14: Tidak | Q14: RUAS-029 | R14: AC, water heater, wifi, dispenser kulkas dan dapur bersama, AC, Kasur bantal guling seprei sudah termasuk. | S14: 1000000 | T14: 1000000 | U14: 1000000
A15: KOS-014 | B15: Day 2 | C15: KWS-08 | D15: Devon | E15: 2026-08-17 | F15: 10:34 | G15: Kos Aydin | H15: Putra | I15: 1.35jt | J15: Token sendiri | K15: Dalam | L15: Ada | M15: Sosial media | N15: 80 | O15: 2200 | P15: Ya | Q15: RUAS-029 | R15: Dapur bersama, spring bed meja kursi lemari disediakan di kamar, AC | S15: 1350000 | T15: 1350000 | U15: 1350000
A16: KOS-015 | B16: Day 2 | C16: KWS-08 | D16: Devon | E16: 2026-08-17 | F16: 11:21 | G16: Kos Elisa Putri | H16: Putri | I16: 600rb/550rb | J16: Termasuk | K16: Dalam | L16: Ada | M16: Tanya pengelola | N16: 220 | O16: 2200 | P16: Tidak | Q16: RUAS-028 | R16: 600rb untuk yang sudah include kasur dan lemari. Kosongan saja 550rb. Tidak ada wifi | S16: 575000 | T16: 550000 | U16: 600000
A17: KOS-016 | B17: Day 2 | C17: KWS-03 | D17: Andalan | E17: 2026-08-17 | F17: 11:47 | G17: Kost Nakula | H17: Putri | I17: 700rb-900rb | J17: Termasuk | K17: Dalam | L17: Ada | M17: Tanya pengelola | N17: 30 | O17: 30 | P17: Tidak | Q17: RUAS-030 | S17: 800000 | T17: 700000 | U17: 900000
A18: KOS-017 | B18: Day 2 | C18: KWS-12 | D18: Devon | E18: 2026-08-17 | F18: 12:10 | G18: Kos putri erry | H18: Putri | I18: 500rb | J18: Termasuk | K18: Luar | L18: Ada | M18: Tanya pengelola | N18: 60 | O18: 4400 | P18: Ya | Q18: RUAS-040 | S18: 500000 | T18: 500000 | U18: 500000
A19: KOS-018 | B19: Day 2 | C19: KWS-12 | D19: Devon | E19: 2026-08-17 | F19: 12:21 | G19: Kost Bu Moyo | H19: Putri | I19: 750000 | J19: Termasuk | K19: Luar | L19: Ada | M19: Tanya pengelola | N19: 60 | O19: 4300 | P19: Ya | Q19: RUAS-040 | R19: Kos cadangan pengganti 'Kos putri Wisma Bharata'. Harga 750.000 dikonfirmasi pemilik repo; min/maks lama milik Wisma Bharata dikosongkan. Koordinat diisi manual 2026-09-08. | S19: 750000
A20: KOS-019 | B20: Day 2 | C20: KWS-03 | D20: Andalan | E20: 2026-08-17 | F20: 13:03 | G20: Kost Putra Flamboyan | H20: Putra | I20: 700rb | J20: Termasuk | K20: Dalam | L20: Ada | M20: Spanduk atau papan | N20: 150 | O20: 170 | P20: Ya | Q20: RUAS-034 | S20: 700000 | T20: 700000 | U20: 700000
A21: KOS-020 | B21: Day 2 | C21: KWS-05 | D21: Andalan | E21: 2026-08-17 | F21: 14:26 | G21: Kost Ibu Suratmi Suroso | H21: Putra | I21: 500rb-600rb | J21: Termasuk | K21: Luar | L21: Ada | M21: Tanya pengelola | N21: 500 | O21: 3000 | P21: Ya | S21: 550000 | T21: 500000 | U21: 600000
A22: KOS-021 | B22: Day 2 | C22: KWS-02 | D22: Devon | E22: 2026-08-17 | F22: 15:45 | G22: Kost Mahasiswa Ulima | H22: Putri | I22: 625rb | J22: Termasuk | K22: Dalam | L22: Ada | M22: Sosial media | N22: 210 | O22: 2100 | P22: Ya | Q22: RUAS-083 | S22: 625000 | T22: 625000 | U22: 625000
A23: KOS-022 | B23: Day 2 | C23: KWS-02 | D23: Devon | E23: 2026-08-17 | F23: 16:18 | G23: kos Putri Tiga Dara | H23: Putri | J23: Termasuk | K23: Luar | L23: Ada | Q23: RUAS-083
A24: KOS-023 | B24: Day 3 | C24: KWS-09 | D24: Theo | E24: 2026-08-18 | F24: 12:05 | G24: kost putri mulia sari | H24: Putri | I24: 700k | J24: Termasuk | K24: Dalam | L24: Ada | M24: Sosial media | N24: 600 | O24: 5900 | P24: Ya | R24: https://www.instagram.com/p/DOrzo3_Ej92/?img_index=7&igsh=ZW1saTd0OWEzNnQ4 | S24: 700000 | T24: 700000 | U24: 700000
A25: KOS-024 | B25: Day 3 | C25: KWS-10 | D25: Delon | E25: 2026-08-18 | F25: 15:04 | G25: Kost Soto Medan | H25: Putri | I25: 650k | J25: Termasuk | K25: Luar | L25: Ada | M25: Tanya pengelola | N25: 500 | O25: 3100 | P25: Ya | Q25: RUAS-065 | R25: Kipas angin Bed..kasur..bantal 1 Kamar mandi luar ( sharing 2 kamar sesama cewek ) Free uang sampah Free listrik ( tdk bole bawa kompor listrik ) Tambahan biaya kl bawa rice cooker 50rb perbulan | S25: 650000 | T25: 650000 | U25: 650000
A26: KOS-025 | B26: Day 4 | C26: KWS-01 | D26: Devon | E26: 2026-08-24 | F26: 16:18 | G26: Kost HM4 | H26: Putri | I26: 850000 | J26: Termasuk | K26: Luar | L26: Ada | M26: Tanya pengelola | N26: 70 | R26: Kos cadangan pengganti 'Kos ekslusif sorjem'. Harga 850.000 dikonfirmasi pemilik repo. Koordinat diisi manual 2026-09-08. | S26: 850000
A27: KOS-026 | B27: Day 4 | C27: KWS-01 | D27: Devon | E27: 2026-08-24 | F27: 16:20 | G27: Kost Putra Janti 54 Sleman | H27: Putra | I27: 500k | J27: Termasuk | K27: Luar | L27: Ada | M27: Sosial media | N27: 170 | O27: 1100 | P27: Tidak | R27: Luas kamar 3 x 2.5 meter. Isi kosongan. Area parkir bebas panas/hujan. | S27: 500000 | T27: 500000 | U27: 500000
A28: KOS-027 | B28: Day 2 | C28: KWS-07 | D28: Andalan | E28: 2026-08-17 | F28: 13:20 | G28: Kos Setio | H28: Campur | I28: 1.2jt - 1.3jt | J28: Termasuk | K28: Dalam | L28: Ada | M28: Tanya pengelola | N28: 300 | O28: 2000 | P28: Tidak | Q28: RUAS-024 | S28: 1250000 | T28: 1200000 | U28: 1300000
A29: KOS-028 | B29: Day 2 | C29: KWS-07 | D29: Andalan | E29: 2026-08-17 | F29: 13:44 | G29: Kos Kamandaka | H29: Putra | I29: 1.2jt - 1.3jt | J29: Termasuk | K29: Dalam | L29: Ada | M29: Tanya pengelola | N29: 1100 | O29: 1100 | P29: Tidak | Q29: RUAS-025 | S29: 1250000 | T29: 1200000 | U29: 1300000
A30: KOS-029 | B30: Day 4 | C30: KWS-09 | D30: Andalan | E30: 2026-08-24 | G30: Kos Tigaraksa | H30: Putra | I30: 500rb - 800rb | J30: Termasuk | K30: Luar | L30: Ada | M30: Tanya pengelola | N30: 550 | O30: 6000 | P30: Ya | Q30: RUAS-072 | S30: 650000 | T30: 500000 | U30: 800000
A31: KOS-030 | B31: Day 4 | C31: KWS-09 | D31: Andalan | E31: 2026-08-24 | G31: Kos Pak Ragil Bulanan Kamar Mandi Dalam | H31: Campur | I31: 900rb - 1.2jt | J31: Termasuk | K31: Dalam | L31: Ada | M31: Tanya pengelola | N31: 1500 | O31: 6000 | P31: Ya | Q31: RUAS-069 | S31: 1050000 | T31: 900000 | U31: 1200000
A32: KOS-031 | B32: Day 4 | C32: KWS-05 | D32: Andalan | E32: 2026-08-24 | G32: Kost Ibu Kondang | H32: Putri | I32: 700rb - 1.1jt | J32: Termasuk | K32: Dalam | L32: Ada | M32: Tanya pengelola | N32: 700 | O32: 2900 | P32: Ya | Q32: RUAS-051 | S32: 900000 | T32: 700000 | U32: 1100000

Sheet Panduan_W6
A1: Panduan W-6 — Indeks Integritas Jalur Pejalan
A2: Bobot dan parameter di bawah dipakai oleh kolom I-1..I-5 dan W-6 pada sheet Ruas. Ubah sel kuning saja.
A3: Parameter
A4: Bobot I-1 ketersediaan trotoar | B4: 0.25
A5: Bobot I-2 kecukupan lebar | B5: 0.15
A6: Bobot I-3 keutuhan trotoar | B6: 0.2
A7: Bobot I-4 kemulusan permukaan | B7: 0.15
A8: Bobot I-5 tidak turun ke jalan | B8: 0.25
A9: Lebar trotoar standar (m) | B9: 1.5
A10: Konstanta pemulusan I-4 | B10: 3
A11: Pengecualian gang sepi (Ya/Tidak) | B11: Tidak
A12: Jumlah bobot (harus 1,00) | B12: =SUM(B4:B8)
A14: Aturan yang tertanam di rumus
A15: 1. Trotoar = "Tidak ada" -> I-1 = 0, I-2 = 0, I-3 = 0. Kolom pengukuran boleh dibiarkan kosong;
A16: rumus tidak membacanya. I-3 bernilai 0, BUKAN 1. Trotoar yang tidak ada berarti jalur
A17: terputus seluruhnya, bukan jalur utuh.
A18: 2. Trotoar = "Tidak ada" -> I-4 dikeluarkan dan bobotnya dinormalisasi ulang (0,85).
A19: Kolom lubang untuk ruas tanpa trotoar merujuk permukaan jalan, bukan trotoar.
A20: Plafon W-6 untuk ruas tanpa trotoar menjadi 0,294 (hanya dari I-5).
A21: 3. I-4 = EXP(-lubang per 100 m / konstanta pemulusan). Konstanta 1 = rumus PRD asli, sangat curam
A22: (2 lubang per 180 m sudah menjatuhkan I-4 ke 0,33). Konstanta 3 jauh lebih landai dan tahan
A23: terhadap selisih hitung satu-dua lubang. Default di sini 3; ubah ke 1 untuk kembali ke PRD.
A24: 4. Pengecualian gang sepi (default Tidak). Bila diaktifkan, ruas dengan Jenis jalan = "Gang" dan
A25: Kepadatan kendaraan = "Sepi" dinilai dari I-5 saja, dengan alasan indeks trotoar tidak relevan
... A28: Contoh pengisian lengkap (data fiktif, hanya untuk acuan pengisian)
A30: Kode | B30: Keterangan | C30: Panjang ruas (m) | D30: Jenis jalan | E30: Kepadatan kendaraan | F30: Trotoar | G30: Lebar Trotoar (m) | H30: Panjang trotoar terputus (m) | I30: Jumlah lubang | J30: Pejalan turun ke jalan | K30: I-1 | L30: I-2 | M30: I-3 | N30: I-4 | O30: I-5 | P30: Bobot terpakai | Q30: W-6 | R30: Status
A31: A | B31: Jalan raya, trotoar utuh | C31: 180 | D31: Jalan raya | E31: Ramai | F31: Ada | G31: 1.8 | H31: 15 | I31: 2 | J31: Tidak | K31: =IF($F31="","",IF($F31="Ada",1,IF($F31="Sebagian",0.5,0))) | L31: =IF($F31="","",IF($F31="Tidak ada",0,IF($G31="","",MIN($G31/$B$9,1)))) | M31: =IF($F31="","",IF($F31="Tidak ada",0,IF(OR($H31="",$C31=""),"",MAX(0,1-$H31/$C31)))) | N31: =IF(OR($F31="",$F31="Tidak ada"),"",IF(OR($I31="",$C31=""),"",EXP(-$I31/$C31*100/$B$10))) | O31: =IF($J31="","",IF($J31="Tidak",1,0)) | P31: =IF(ISNUMBER(K31),$B$4,0)+IF(ISNUMBER(L31),$B$5,0)+IF(ISNUMBER(M31),$B$6,0)+IF(ISNUMBER(N31),$B$7,0)+IF(ISNUMBER(O31),$B$8,0) | Q31: =IF(LEFT(R31,7)<>"Lengkap","",IF(R31="Lengkap (gang)",O31,(IF(ISNUMBER(K31),$B$4*K31,0)+IF(ISNUMBER(L31),$B$5*L31,0)+IF(ISNUMBER(M31),$B$6*M31,0)+IF(ISNUMBER(N31),$B$7*N31,0)+IF(ISNUMBER(O31),$B$8*O31,0))/P31)) | R31: =IF(AND($B$11="Ya",$D31="Gang",$E31="Sepi"),IF(ISNUMBER(O31),"Lengkap (gang)","Belum lengkap"),IF(AND(ISNUMBER(K31),ISNUMBER(L31),ISNUMBER(M31),ISNUMBER(O31),OR(ISNUMBER(N31),$F31="Tidak ada")),"Lengkap","Belum lengkap"))
A32: B | B32: Jalan raya, trotoar rusak | C32: 200 | D32: Jalan raya | E32: Ramai | F32: Ada | G32: 1.1 | H32: 45 | I32: 7 | J32: Ya | K32: =IF($F32="","",IF($F32="Ada",1,IF($F32="Sebagian",0.5,0))) | L32: =IF($F32="","",IF($F32="Tidak ada",0,IF($G32="","",MIN($G32/$B$9,1)))) | M32: =IF($F32="","",IF($F32="Tidak ada",0,IF(OR($H32="",$C32=""),"",MAX(0,1-$H32/$C32)))) | N32: =IF(OR($F32="",$F32="Tidak ada"),"",IF(OR($I32="",$C32=""),"",EXP(-$I32/$C32*100/$B$10))) | O32: =IF($J32="","",IF($J32="Tidak",1,0)) | P32: =IF(ISNUMBER(K32),$B$4,0)+IF(ISNUMBER(L32),$B$5,0)+IF(ISNUMBER(M32),$B$6,0)+IF(ISNUMBER(N32),$B$7,0)+IF(ISNUMBER(O32),$B$8,0) | Q32: =IF(LEFT(R32,7)<>"Lengkap","",IF(R32="Lengkap (gang)",O32,(IF(ISNUMBER(K32),$B$4*K32,0)+IF(ISNUMBER(L32),$B$5*L32,0)+IF(ISNUMBER(M32),$B$6*M32,0)+IF(ISNUMBER(N32),$B$7*N32,0)+IF(ISNUMBER(O32),$B$8*O32,0))/P32)) | R32: =IF(AND($B$11="Ya",$D32="Gang",$E32="Sepi"),IF(ISNUMBER(O32),"Lengkap (gang)","Belum lengkap"),IF(AND(ISNUMBER(K32),ISNUMBER(L32),ISNUMBER(M32),ISNUMBER(O32),OR(ISNUMBER(N32),$F32="Tidak ada")),"Lengkap","Belum lengkap"))
A33: C | B33: Jalan kecil, trotoar sebagian | C33: 150 | D33: Jalan kecil | E33: Sedang | F33: Sebagian | G33: 1.2 | H33: 60 | I33: 4 | J33: Ya | K33: =IF($F33="","",IF($F33="Ada",1,IF($F33="Sebagian",0.5,0))) | L33: =IF($F33="","",IF($F33="Tidak ada",0,IF($G33="","",MIN($G33/$B$9,1)))) | M33: =IF($F33="","",IF($F33="Tidak ada",0,IF(OR($H33="",$C33=""),"",MAX(0,1-$H33/$C33)))) | N33: =IF(OR($F33="",$F33="Tidak ada"),"",IF(OR($I33="",$C33=""),"",EXP(-$I33/$C33*100/$B$10))) | O33: =IF($J33="","",IF($J33="Tidak",1,0)) | P33: =IF(ISNUMBER(K33),$B$4,0)+IF(ISNUMBER(L33),$B$5,0)+IF(ISNUMBER(M33),$B$6,0)+IF(ISNUMBER(N33),$B$7,0)+IF(ISNUMBER(O33),$B$8,0) | Q33: =IF(LEFT(R33,7)<>"Lengkap","",IF(R33="Lengkap (gang)",O33,(IF(ISNUMBER(K33),$B$4*K33,0)+IF(ISNUMBER(L33),$B$5*L33,0)+IF(ISNUMBER(M33),$B$6*M33,0)+IF(ISNUMBER(N33),$B$7*N33,0)+IF(ISNUMBER(O33),$B$8*O33,0))/P33)) | R33: =IF(AND($B$11="Ya",$D33="Gang",$E33="Sepi"),IF(ISNUMBER(O33),"Lengkap (gang)","Belum lengkap"),IF(AND(ISNUMBER(K33),ISNUMBER(L33),ISNUMBER(M33),ISNUMBER(O33),OR(ISNUMBER(N33),$F33="Tidak ada")),"Lengkap","Belum lengkap"))
A34: D | B34: Gang, tanpa trotoar, lalin sepi | C34: 120 | D34: Gang | E34: Sepi | F34: Tidak ada | I34: 0 | J34: Tidak | K34: =IF($F34="","",IF($F34="Ada",1,IF($F34="Sebagian",0.5,0))) | L34: =IF($F34="","",IF($F34="Tidak ada",0,IF($G34="","",MIN($G34/$B$9,1)))) | M34: =IF($F34="","",IF($F34="Tidak ada",0,IF(OR($H34="",$C34=""),"",MAX(0,1-$H34/$C34)))) | N34: =IF(OR($F34="",$F34="Tidak ada"),"",IF(OR($I34="",$C34=""),"",EXP(-$I34/$C34*100/$B$10))) | O34: =IF($J34="","",IF($J34="Tidak",1,0)) | P34: =IF(ISNUMBER(K34),$B$4,0)+IF(ISNUMBER(L34),$B$5,0)+IF(ISNUMBER(M34),$B$6,0)+IF(ISNUMBER(N34),$B$7,0)+IF(ISNUMBER(O34),$B$8,0) | Q34: =IF(LEFT(R34,7)<>"Lengkap","",IF(R34="Lengkap (gang)",O34,(IF(ISNUMBER(K34),$B$4*K34,0)+IF(ISNUMBER(L34),$B$5*L34,0)+IF(ISNUMBER(M34),$B$6*M34,0)+IF(ISNUMBER(N34),$B$7*N34,0)+IF(ISNUMBER(O34),$B$8*O34,0))/P34)) | R34: =IF(AND($B$11="Ya",$D34="Gang",$E34="Sepi"),IF(ISNUMBER(O34),"Lengkap (gang)","Belum lengkap"),IF(AND(ISNUMBER(K34),ISNUMBER(L34),ISNUMBER(M34),ISNUMBER(O34),OR(ISNUMBER(N34),$F34="Tidak ada")),"Lengkap","Belum lengkap"))
A35: E | B35: Jalan raya, tanpa trotoar | C35: 160 | D35: Jalan raya | E35: Ramai | F35: Tidak ada | I35: 0 | J35: Ya | K35: =IF($F35="","",IF($F35="Ada",1,IF($F35="Sebagian",0.5,0))) | L35: =IF($F35="","",IF($F35="Tidak ada",0,IF($G35="","",MIN($G35/$B$9,1)))) | M35: =IF($F35="","",IF($F35="Tidak ada",0,IF(OR($H35="",$C35=""),"",MAX(0,1-$H35/$C35)))) | N35: =IF(OR($F35="",$F35="Tidak ada"),"",IF(OR($I35="",$C35=""),"",EXP(-$I35/$C35*100/$B$10))) | O35: =IF($J35="","",IF($J35="Tidak",1,0)) | P35: =IF(ISNUMBER(K35),$B$4,0)+IF(ISNUMBER(L35),$B$5,0)+IF(ISNUMBER(M35),$B$6,0)+IF(ISNUMBER(N35),$B$7,0)+IF(ISNUMBER(O35),$B$8,0) | Q35: =IF(LEFT(R35,7)<>"Lengkap","",IF(R35="Lengkap (gang)",O35,(IF(ISNUMBER(K35),$B$4*K35,0)+IF(ISNUMBER(L35),$B$5*L35,0)+IF(ISNUMBER(M35),$B$6*M35,0)+IF(ISNUMBER(N35),$B$7*N35,0)+IF(ISNUMBER(O35),$B$8*O35,0))/P35)) | R35: =IF(AND($B$11="Ya",$D35="Gang",$E35="Sepi"),IF(ISNUMBER(O35),"Lengkap (gang)","Belum lengkap"),IF(AND(ISNUMBER(K35),ISNUMBER(L35),ISNUMBER(M35),ISNUMBER(O35),OR(ISNUMBER(N35),$F35="Tidak ada")),"Lengkap","Belum lengkap"))
A37: Sel biru = isian surveyor. Kolom I-1 sampai W-6 dihitung otomatis, jangan diketik manual.
A38: Baris D dan E sengaja mengosongkan lebar dan panjang terputus: untuk ruas tanpa trotoar,
A39: kedua kolom itu memang tidak ada yang bisa diukur, dan rumus sudah menanganinya.
A41: Ringkasan sheet Ruas
A42: Ruas dengan W-6 lengkap | B42: =COUNTIF(Ruas!AJ2:AJ85,"Lengkap*")
A43: Ruas belum lengkap | B43: =COUNTIF(Ruas!AJ2:AJ85,"Belum lengkap")
A44: Rata-rata W-6 | B44: =IFERROR(AVERAGE(Ruas!AI2:AI85),"")
A45: W-6 minimum | B45: =IFERROR(MIN(Ruas!AI2:AI85),"")
A46: W-6 maksimum | B46: =IFERROR(MAX(Ruas!AI2:AI85),"")

Sheet Flag
A1: Prioritas | B1: Sheet | C1: ID | D1: Kolom | E1: Nilai_asli | F1: Tindakan | G1: Alasan
A2: 1 TINGGI | B2: Halte | C2: HLT-001 | D2: Koridor | E2: 2026-12-14 00:00:00 | F2: DIKOSONGKAN | G2: Excel mengubah daftar koridor jadi tanggal; perlu konfirmasi surveyor
A3: 1 TINGGI | B3: Kos | C3: KOS-005 | D3: Harga per bulan | E3: 450rb/250rb | F3: dibiarkan | G3: tingkat terendah Rp250,000 tidak wajar untuk sewa bulanan; mungkin harian/mingguan - perlu konfirmasi
A4: 1 TINGGI | B4: Kos | C4: KOS-022 | D4: Harga per bulan | E4: nan | F4: dikosongkan | G4: harga tidak dicatat
A5: 1 TINGGI | B5: Kos | C5: KOS-025 | D5: Harga per bulan | E5: nan | F5: dikosongkan | G5: harga tidak dicatat
A6: 1 TINGGI | B6: Ruas | C6: RUAS-021 | D6: W-6 | E6: Pejalan turun ke jalan | F6: W6 dikosongkan | G6: kolom sumber W-6 belum terisi
A7: 1 TINGGI | B7: Ruas | C7: RUAS-042 | D7: W-6 | E7: Trotoar | F7: W6 dikosongkan | G7: kolom sumber W-6 belum terisi
A8: 1 TINGGI | B8: Ruas | C8: RUAS-059 | D8: W-6 | E8: Panjang trotoar terputus (m) | F8: W6 dikosongkan | G8: kolom sumber W-6 belum terisi
A9: 1 TINGGI | B9: Ruas | C9: RUAS-061 | D9: W-6 | E9: Trotoar; Lebar Trotoar (m); Panjang trotoar terputus (m); Jumlah lubang atau paving lepas; Pejalan turun ke jalan | F9: W6 dikosongkan | G9: kolom sumber W-6 belum terisi
A10: 1 TINGGI | B10: Ruas | C10: RUAS-062 | D10: W-6 | E10: Trotoar; Lebar Trotoar (m); Panjang trotoar terputus (m); Jumlah lubang atau paving lepas; Pejalan turun ke jalan | F10: W6 dikosongkan | G10: kolom sumber W-6 belum terisi
A11: 1 TINGGI | B11: Ruas | C11: RUAS-063 | D11: W-6 | E11: Lebar Trotoar (m); Panjang trotoar terputus (m) | F11: W6 dikosongkan | G11: kolom sumber W-6 belum terisi
A12: 1 TINGGI | B12: Ruas | C12: RUAS-064 | D12: Jarak antar tiang (m) | E12: berbeda2, tergantung jenus lampu | F12: dikosongkan | G12: tidak ada angka; perlu keputusan manual
... A93: 3 RENDAH | B93: Ruas | C93: RUAS-073 | D93: Panjang trotoar terputus (m) | E93: 0 (masih bisa dilewati) | F93: -> 0.0 | G93: teks tambahan pada "0 (masih bisa dilewati)" diabaikan
